name,age,sex,barangay,address,contact,birthday
Morgan Johnson,24,Female,San Antonio,991 Road San Antonio,09350599951,1958-11-29
Drew Thomas,66,Female,Merville,101 Avenue Merville,09678166125,1969-07-14
Sam Thompson,24,Female,Marcelo Green,598 Road Marcelo Green,09482021350,1998-10-12
Casey Garcia,29,Female,San Martin de Porres,225 Road San Martin de Porres,09362933270,1972-09-30
Jane Martinez,65,Female,San Antonio,167 Road San Antonio,09987613390,1990-12-09
Sam Martin,9,Female,Merville,409 Avenue Merville,09784019351,1972-01-02
Cameron Harris,65,Male,Merville,385 Avenue Merville,09999258008,2016-11-01
Alex Taylor,71,Male,Moonwalk,643 Street Moonwalk,09637140997,1963-03-15
Chris Garcia,2,LGBTQ,San Martin de Porres,637 Road San Martin de Porres,09655103208,1943-01-10
Morgan Thomas,36,Male,Merville,415 Avenue Merville,09462035249,1992-03-17
Morgan Johnson,81,Female,BF Homes,45 Street BF Homes,09326678958,1956-01-14
Morgan Smith,82,Male,Sun Valley,741 Road Sun Valley,09293666508,2002-07-31
Cameron Harris,15,LGBTQ,Moonwalk,197 Road Moonwalk,09279380552,2001-11-23
Jamie Smith,64,LGBTQ,Sun Valley,550 Avenue Sun Valley,09179639133,1992-05-22
Casey White,28,Male,Marcelo Green,193 Road Marcelo Green,09896583789,2013-06-03
John Jackson,40,LGBTQ,Marcelo Green,903 Street Marcelo Green,09172105264,1977-06-07
Drew Martin,24,LGBTQ,Moonwalk,759 Road Moonwalk,09549726260,2013-01-19
Sam Smith,87,LGBTQ,Don Bosco,113 Road Don Bosco,09816581318,2005-03-18
Chris Thomas,79,Male,San Martin de Porres,663 Road San Martin de Porres,09288910762,2007-06-24
Skyler Robinson,62,LGBTQ,Merville,770 Avenue Merville,09442732557,1949-04-20
Chris Thompson,69,LGBTQ,Sun Valley,583 Road Sun Valley,09376770461,1980-10-25
John Harris,57,Female,Merville,119 Avenue Merville,09913592930,1942-06-09
Morgan White,82,LGBTQ,Don Bosco,963 Street Don Bosco,09982375834,2010-11-07
Drew Thompson,68,Female,San Antonio,497 Avenue San Antonio,09395841814,1955-06-02
Taylor Martin,86,Male,San Antonio,692 Road San Antonio,09731680561,1960-10-11
Jordan Harris,82,Female,San Martin de Porres,359 Street San Martin de Porres,09299814403,2000-07-11
Jamie Martinez,27,LGBTQ,San Martin de Porres,108 Avenue San Martin de Porres,09455760975,1944-11-17
Robin Garcia,76,Female,BF Homes,566 Street BF Homes,09813617986,2007-02-21
Chris Anderson,74,LGBTQ,San Antonio,189 Street San Antonio,09967755433,1978-09-25
Casey Anderson,82,Female,Moonwalk,245 Avenue Moonwalk,09654689679,2010-04-13
John Garcia,44,Female,Don Bosco,858 Avenue Don Bosco,09136417560,2005-05-18
Jamie Jackson,33,Male,San Antonio,735 Road San Antonio,09219173531,2014-09-18
Drew Martin,86,Female,Merville,226 Avenue Merville,09281341793,1973-07-16
Sam White,45,LGBTQ,San Antonio,143 Street San Antonio,09623022651,2020-01-03
Taylor Garcia,47,LGBTQ,San Antonio,966 Road San Antonio,09116751700,1974-01-29
Robin Smith,79,LGBTQ,San Antonio,271 Road San Antonio,09658606284,1967-02-25
Cameron White,14,LGBTQ,BF Homes,517 Road BF Homes,09142940141,1986-08-19
Cameron Robinson,29,Female,Moonwalk,246 Street Moonwalk,09431006026,2012-09-19
Pat Brown,27,LGBTQ,San Antonio,969 Road San Antonio,09109809116,2015-09-10
Morgan White,28,Male,Moonwalk,784 Road Moonwalk,09400210189,2006-04-16
John Smith,32,Female,San Martin de Porres,84 Street San Martin de Porres,09861104477,1957-06-18
John Harris,2,Male,San Martin de Porres,327 Road San Martin de Porres,09361837713,2001-07-04
John Brown,32,Male,Moonwalk,97 Street Moonwalk,09780329928,1982-01-10
John Jackson,79,Male,Merville,241 Avenue Merville,09523670299,2000-11-08
John Taylor,2,Male,Merville,557 Road Merville,09163785667,1944-05-15
Casey Thompson,86,Female,Merville,708 Road Merville,09711073108,1997-03-19
Alex Jackson,35,Male,Moonwalk,774 Road Moonwalk,09590514762,1964-07-01
Skyler Harris,25,Female,Sun Valley,483 Road Sun Valley,09854989349,2008-05-21
Jamie Jackson,45,Female,San Antonio,557 Avenue San Antonio,09264267847,1943-02-26
Jamie Taylor,76,LGBTQ,Merville,914 Avenue Merville,09624802410,1942-07-14
Robin Martinez,24,Male,Don Bosco,250 Road Don Bosco,09176466083,1968-03-26
Jamie White,35,LGBTQ,San Martin de Porres,705 Avenue San Martin de Porres,09837382946,1959-05-21
Jordan Martinez,14,Female,Marcelo Green,665 Street Marcelo Green,09458479668,2010-06-14
Alex Garcia,74,Male,Marcelo Green,756 Road Marcelo Green,09768504523,1980-04-29
Skyler Jackson,62,LGBTQ,Don Bosco,67 Street Don Bosco,09317451241,1947-02-23
Taylor Thompson,13,Male,Merville,499 Street Merville,09604006674,2007-12-14
Skyler Thomas,6,Male,San Martin de Porres,504 Street San Martin de Porres,09185389803,1967-09-02
Sam Brown,66,Male,Merville,425 Road Merville,09152738242,1996-12-31
Robin Anderson,54,LGBTQ,Merville,590 Road Merville,09747403362,1992-05-06
Casey Johnson,14,Female,Sun Valley,575 Road Sun Valley,09894382287,1946-01-07
Morgan Harris,46,Male,BF Homes,253 Avenue BF Homes,09764175225,1943-07-17
Skyler Johnson,36,Female,Sun Valley,820 Street Sun Valley,09240157939,2001-03-05
Casey Thomas,48,Female,Don Bosco,24 Avenue Don Bosco,09615875527,1979-05-05
John Martin,33,Male,BF Homes,98 Road BF Homes,09780769748,1979-04-07
Pat Martin,89,Male,Don Bosco,154 Avenue Don Bosco,09134691681,1970-06-17
Casey Johnson,27,Female,Merville,633 Street Merville,09382082685,1992-07-13
Chris Taylor,56,Female,Marcelo Green,189 Street Marcelo Green,09643092612,1965-03-10
Casey Jackson,84,LGBTQ,San Antonio,617 Avenue San Antonio,09360726868,1941-08-26
Taylor Thompson,9,Male,Sun Valley,921 Road Sun Valley,09997080366,1998-12-30
Pat Johnson,23,Male,San Antonio,546 Road San Antonio,09473732343,2008-08-15
Cameron Johnson,37,LGBTQ,Moonwalk,483 Street Moonwalk,09404817456,1999-08-31
Jordan Thomas,48,Male,San Antonio,107 Road San Antonio,09994046491,1980-03-15
Jordan Garcia,86,Male,BF Homes,322 Road BF Homes,09122452532,1995-04-03
Alex Martinez,57,Male,San Martin de Porres,738 Road San Martin de Porres,09801434898,1995-06-21
Casey White,28,LGBTQ,Sun Valley,568 Road Sun Valley,09106902843,1982-04-26
Sam Robinson,86,LGBTQ,Merville,798 Road Merville,09615791604,1943-11-20
Jane Anderson,64,Male,BF Homes,652 Avenue BF Homes,09786322959,2005-04-27
Jane Johnson,78,Male,San Antonio,290 Street San Antonio,09720559837,1975-10-23
Sam Thompson,81,Female,San Antonio,210 Road San Antonio,09738567091,2016-07-10
John Garcia,48,Female,BF Homes,628 Avenue BF Homes,09554675959,1947-01-23
John Taylor,47,Male,Sun Valley,398 Street Sun Valley,09799014487,2005-02-11
Pat Thomas,3,Female,Moonwalk,720 Road Moonwalk,09248579061,2017-09-21
Morgan Johnson,88,LGBTQ,Merville,999 Road Merville,09913524593,2004-03-29
Chris Martin,81,LGBTQ,BF Homes,780 Street BF Homes,09206798549,1986-09-18
John Brown,82,Male,Moonwalk,103 Avenue Moonwalk,09507370228,1945-05-29
Casey Thompson,57,Male,Don Bosco,339 Avenue Don Bosco,09465414849,2011-08-16
Sam Taylor,85,LGBTQ,Sun Valley,701 Street Sun Valley,09787777041,1992-01-12
Robin Taylor,55,Male,Moonwalk,315 Road Moonwalk,09550096403,1981-07-18
Jordan Robinson,72,LGBTQ,BF Homes,111 Avenue BF Homes,09858573203,1961-09-28
Cameron Brown,65,Female,BF Homes,744 Street BF Homes,09229399069,1993-11-06
Taylor Martinez,78,Female,Merville,84 Road Merville,09120683475,1963-12-12
Jordan Johnson,57,LGBTQ,San Antonio,269 Avenue San Antonio,09754710886,1989-07-19
Jane Taylor,25,Female,San Martin de Porres,867 Road San Martin de Porres,09913323718,1989-11-14
Pat White,78,LGBTQ,Merville,979 Street Merville,09922359165,1966-08-12
Jamie Martinez,38,LGBTQ,Don Bosco,154 Street Don Bosco,09434968996,1967-05-07
John Thomas,38,Female,BF Homes,233 Avenue BF Homes,09716026562,1989-04-10
Skyler Martin,37,Female,Sun Valley,756 Avenue Sun Valley,09121473161,1973-09-11
Jamie Thomas,40,LGBTQ,Sun Valley,736 Avenue Sun Valley,09262385352,1944-05-24
Drew Brown,68,Female,Marcelo Green,934 Street Marcelo Green,09953321209,2001-03-31
Alex Smith,23,LGBTQ,San Antonio,215 Avenue San Antonio,09133411622,1997-10-06
Chris Johnson,25,Male,Don Bosco,188 Avenue Don Bosco,09353107636,1965-06-16
Casey Thomas,49,LGBTQ,Moonwalk,388 Road Moonwalk,09504302434,1943-02-03
Jordan Jackson,59,LGBTQ,Moonwalk,478 Road Moonwalk,09595291276,1945-11-03
Pat Brown,18,Male,BF Homes,452 Street BF Homes,09703037069,2023-08-29
Skyler Martin,59,LGBTQ,Sun Valley,65 Avenue Sun Valley,09551061218,1966-08-07
Alex Thompson,48,Female,BF Homes,671 Avenue BF Homes,09972204828,1949-05-28
John Smith,42,Female,San Antonio,893 Avenue San Antonio,09842965573,1967-05-29
Casey Smith,86,Male,Marcelo Green,56 Avenue Marcelo Green,09180053618,1990-10-29
Drew Thomas,28,LGBTQ,Marcelo Green,258 Street Marcelo Green,09261979650,2019-10-04
Jane Martin,9,LGBTQ,Merville,477 Avenue Merville,09384697188,1976-05-08
Alex Anderson,86,Male,Don Bosco,268 Avenue Don Bosco,09864621735,1959-02-09
Casey Jackson,12,LGBTQ,Sun Valley,196 Street Sun Valley,09694815357,2000-04-06
Taylor Thompson,23,Female,San Antonio,864 Avenue San Antonio,09957549386,2019-05-03
Morgan Brown,35,Female,Sun Valley,153 Road Sun Valley,09755210954,2011-02-20
Taylor Martin,57,Male,Marcelo Green,472 Avenue Marcelo Green,09270570542,1978-07-28
Jamie Thomas,82,LGBTQ,San Antonio,47 Road San Antonio,09904488249,1986-04-06
Casey White,13,LGBTQ,Merville,626 Road Merville,09453917829,1991-11-16
Jamie Johnson,43,Female,Sun Valley,392 Road Sun Valley,09178101148,1972-06-05
Casey Johnson,34,Male,Sun Valley,460 Avenue Sun Valley,09126548015,1964-11-17
Drew Jackson,3,Male,Don Bosco,968 Road Don Bosco,09879823892,1980-09-02
Jane Anderson,4,Male,San Martin de Porres,957 Road San Martin de Porres,09694398550,1957-08-12
John Martin,62,LGBTQ,Moonwalk,712 Road Moonwalk,09725154822,1953-04-27
Morgan Thomas,34,Male,Sun Valley,568 Avenue Sun Valley,09336001425,1961-06-16
Sam Martin,9,Female,San Antonio,692 Avenue San Antonio,09403715893,1959-06-01
Morgan Harris,73,Female,BF Homes,973 Street BF Homes,09865356439,1966-07-05
Pat Johnson,31,Female,BF Homes,164 Avenue BF Homes,09867436325,1943-04-25
Casey Harris,55,LGBTQ,BF Homes,417 Road BF Homes,09141101939,1983-09-18
Drew Thomas,80,Male,BF Homes,617 Avenue BF Homes,09465737616,1941-03-23
Taylor Johnson,69,Female,Merville,427 Road Merville,09195541172,1966-11-11
Jordan Brown,31,Male,Sun Valley,572 Street Sun Valley,09958824337,2013-02-09
John Robinson,89,Male,San Antonio,529 Road San Antonio,09433628744,1962-12-14
Jane Martin,45,Male,San Martin de Porres,490 Street San Martin de Porres,09599211507,1956-01-08
Chris Anderson,40,LGBTQ,Don Bosco,930 Street Don Bosco,09707983276,1991-02-18
Skyler Harris,66,Male,Marcelo Green,581 Road Marcelo Green,09497624144,1942-05-31
Chris Thomas,28,Male,Marcelo Green,937 Avenue Marcelo Green,09540861525,1972-11-13
Morgan Johnson,83,Male,Merville,86 Street Merville,09160983736,1940-10-21
Taylor Robinson,45,LGBTQ,Don Bosco,324 Road Don Bosco,09764032943,1942-09-12
Jordan Anderson,38,LGBTQ,Don Bosco,878 Street Don Bosco,09686509649,2023-12-13
John Robinson,74,Male,San Martin de Porres,137 Road San Martin de Porres,09491112950,1972-01-13
Drew Brown,12,LGBTQ,BF Homes,634 Avenue BF Homes,09175006058,2023-10-10
Jane Martinez,68,Female,San Antonio,168 Avenue San Antonio,09924522241,1984-10-02
Sam Smith,24,Male,Sun Valley,630 Road Sun Valley,09779494306,2015-07-22
Skyler Martin,61,LGBTQ,Merville,855 Street Merville,09703204128,1988-11-01
Pat Robinson,34,LGBTQ,Merville,627 Avenue Merville,09965420490,1946-10-15
Jordan Robinson,60,LGBTQ,Marcelo Green,625 Avenue Marcelo Green,09979819761,1972-04-17
Jordan Harris,61,Female,Merville,28 Avenue Merville,09482592067,1982-08-21
Taylor White,75,Male,San Antonio,678 Avenue San Antonio,09504863779,1978-09-20
Casey Garcia,42,Female,Sun Valley,585 Road Sun Valley,09458296358,2020-05-17
Sam Thompson,18,Female,BF Homes,444 Avenue BF Homes,09810508834,1989-02-11
Drew Martin,30,Female,Sun Valley,295 Street Sun Valley,09577456033,1959-05-28
Robin Robinson,55,Female,BF Homes,949 Street BF Homes,09586289774,1975-05-17
Chris Harris,76,Male,San Antonio,437 Avenue San Antonio,09160700880,1992-10-20
John White,74,Female,Don Bosco,842 Avenue Don Bosco,09232251507,2006-12-15
Morgan Robinson,34,Male,San Antonio,264 Road San Antonio,09968310520,1965-04-14
Skyler White,21,Male,San Antonio,386 Street San Antonio,09470613853,1973-10-15
Taylor Martin,64,Male,Don Bosco,233 Avenue Don Bosco,09404020754,1996-11-07
Drew Johnson,78,Female,Merville,977 Street Merville,09378854767,1980-05-27
John Smith,87,LGBTQ,Marcelo Green,999 Avenue Marcelo Green,09798450050,1947-04-08
Robin Thompson,13,Female,San Antonio,419 Road San Antonio,09116328963,1969-11-21
Taylor White,46,Female,Sun Valley,446 Road Sun Valley,09852941508,2023-01-03
Jamie Jackson,48,Female,Marcelo Green,272 Road Marcelo Green,09565680022,1946-11-21
Skyler Thompson,51,Female,Sun Valley,748 Road Sun Valley,09733254821,1944-04-09
John Garcia,60,LGBTQ,Marcelo Green,55 Road Marcelo Green,09814289904,1974-03-22
Skyler Thomas,18,Female,San Martin de Porres,311 Avenue San Martin de Porres,09404986693,1967-09-29
Skyler Thomas,10,LGBTQ,BF Homes,637 Street BF Homes,09280894966,1944-08-02
Sam Jackson,48,LGBTQ,Don Bosco,959 Avenue Don Bosco,09355616615,1959-09-29
Alex Thomas,8,LGBTQ,BF Homes,517 Road BF Homes,09713337130,1993-07-10
Alex Anderson,89,Male,Merville,772 Street Merville,09288233437,1961-11-15
Casey Harris,32,Female,BF Homes,978 Road BF Homes,09721294548,1975-01-28
Robin Jackson,46,Male,BF Homes,912 Street BF Homes,09153418269,2023-10-29
John Brown,72,LGBTQ,Marcelo Green,11 Street Marcelo Green,09476296670,1998-02-26
Taylor Jackson,1,Male,Marcelo Green,317 Avenue Marcelo Green,09705079888,2017-05-19
Drew Martinez,63,LGBTQ,Moonwalk,989 Road Moonwalk,09768367101,2004-02-10
Jane Garcia,26,Female,Marcelo Green,478 Avenue Marcelo Green,09463836257,1975-06-23
Jamie Martinez,51,Female,Marcelo Green,885 Street Marcelo Green,09248283365,1991-04-26
Jamie Anderson,59,LGBTQ,San Antonio,560 Street San Antonio,09710360015,1974-12-07
Pat Smith,43,Female,BF Homes,768 Street BF Homes,09292779198,2008-06-17
Sam Martinez,84,LGBTQ,San Martin de Porres,409 Road San Martin de Porres,09718691341,2003-11-14
Jordan White,52,LGBTQ,Don Bosco,751 Road Don Bosco,09650925418,1950-02-03
Jamie Jackson,10,Male,Don Bosco,784 Road Don Bosco,09371741711,1987-11-26
John Smith,63,Male,San Martin de Porres,116 Road San Martin de Porres,09273551766,1953-12-06
Drew Jackson,53,Female,Sun Valley,576 Road Sun Valley,09127047323,2019-08-28
Jordan Smith,23,LGBTQ,San Martin de Porres,595 Road San Martin de Porres,09110591823,1951-01-13
Robin Jackson,45,Female,BF Homes,933 Street BF Homes,09998505926,1960-12-31
Pat Anderson,56,LGBTQ,Marcelo Green,62 Street Marcelo Green,09495202588,1953-10-19
Chris Thompson,86,Male,Sun Valley,733 Avenue Sun Valley,09410918333,1993-05-06
Robin Thompson,83,Male,BF Homes,74 Street BF Homes,09770332368,1976-09-10
John Martin,75,LGBTQ,San Antonio,334 Road San Antonio,09689753802,1957-10-31
Sam Harris,68,Female,Sun Valley,886 Street Sun Valley,09357771435,1944-10-16
Robin Brown,52,Female,San Antonio,65 Street San Antonio,09477316474,2023-05-21
Drew Thomas,15,Male,BF Homes,998 Road BF Homes,09820403395,2017-02-19
Casey Thompson,31,Female,Marcelo Green,213 Road Marcelo Green,09480826640,2016-02-02
Robin Johnson,58,LGBTQ,San Antonio,356 Street San Antonio,09296666853,2002-04-30
Jordan Jackson,53,Male,San Martin de Porres,601 Road San Martin de Porres,09466831248,1978-01-12
Cameron Garcia,39,Male,San Martin de Porres,670 Avenue San Martin de Porres,09162448119,1949-09-10
Taylor White,31,Male,Marcelo Green,663 Avenue Marcelo Green,09670682158,2000-08-16
Jordan Brown,84,Female,San Antonio,321 Street San Antonio,09918492464,1976-03-03
John Martin,64,LGBTQ,Sun Valley,335 Street Sun Valley,09231371456,1963-03-09
Jane Taylor,73,LGBTQ,Don Bosco,827 Avenue Don Bosco,09108158838,2018-03-31
Taylor Johnson,57,LGBTQ,Marcelo Green,974 Road Marcelo Green,09244579077,1992-12-18
Pat Smith,43,Male,Moonwalk,781 Road Moonwalk,09803885428,1954-02-06
Drew Garcia,45,Male,BF Homes,80 Street BF Homes,09946317501,2022-10-05
Drew Martinez,43,LGBTQ,Don Bosco,438 Street Don Bosco,09168272451,2003-01-17
Sam Brown,67,LGBTQ,Moonwalk,715 Avenue Moonwalk,09769179308,1985-10-30
Casey Harris,61,LGBTQ,San Antonio,494 Avenue San Antonio,09901091203,1995-05-31
Morgan Martin,3,LGBTQ,BF Homes,771 Road BF Homes,09326701693,1963-02-25
Pat White,89,Female,BF Homes,227 Avenue BF Homes,09947819636,1961-03-26
Jordan Thomas,52,Female,Don Bosco,79 Road Don Bosco,09599896048,1969-06-03
Jordan Robinson,5,Female,Marcelo Green,939 Street Marcelo Green,09690603065,1985-09-07
Sam Robinson,69,Female,Don Bosco,391 Street Don Bosco,09988622223,1949-11-12
Casey White,84,LGBTQ,Sun Valley,145 Street Sun Valley,09460058454,1954-06-30
Skyler Garcia,23,Male,BF Homes,527 Street BF Homes,09367287391,1951-04-03
Alex Taylor,32,Female,Marcelo Green,659 Avenue Marcelo Green,09689817490,2022-07-16
Drew Taylor,8,Female,Moonwalk,590 Road Moonwalk,09913738076,1962-07-19
Jordan Taylor,65,LGBTQ,Sun Valley,646 Avenue Sun Valley,09766530349,1984-06-20
Casey White,70,Female,Marcelo Green,665 Street Marcelo Green,09609957160,1974-06-04
Jordan Thomas,28,Male,Sun Valley,421 Road Sun Valley,09850647428,2014-10-28
Taylor Thompson,30,Female,San Martin de Porres,380 Avenue San Martin de Porres,09932892169,1940-02-04
Cameron Harris,21,Female,Don Bosco,629 Street Don Bosco,09564424454,2008-06-01
Taylor Smith,7,Female,BF Homes,52 Road BF Homes,09700695721,1956-11-28
Jamie Garcia,2,Female,San Martin de Porres,43 Avenue San Martin de Porres,09545123331,1992-05-23
Skyler Brown,31,LGBTQ,Sun Valley,328 Road Sun Valley,09455116932,1960-07-30
Morgan Anderson,20,Male,San Martin de Porres,928 Avenue San Martin de Porres,09176924337,1968-03-10
Jane Taylor,1,LGBTQ,BF Homes,438 Road BF Homes,09805083168,2009-06-23
Jane Thompson,3,LGBTQ,Merville,146 Street Merville,09684994558,1965-01-15
Morgan Martinez,5,Male,Merville,349 Street Merville,09980903572,1955-11-06
Jane Brown,89,Female,San Martin de Porres,127 Road San Martin de Porres,09912275754,1945-02-07
Alex Smith,63,LGBTQ,Marcelo Green,378 Avenue Marcelo Green,09832868217,1994-11-02
Jordan Smith,34,Male,Sun Valley,219 Road Sun Valley,09501225940,1980-12-20
Casey Robinson,14,Female,Merville,11 Street Merville,09212443782,2017-10-30
Skyler Jackson,33,LGBTQ,Sun Valley,539 Road Sun Valley,09962334698,2023-07-02
Sam Martinez,73,Female,Marcelo Green,325 Street Marcelo Green,09188127671,1989-11-23
Chris Brown,54,LGBTQ,Don Bosco,620 Street Don Bosco,09485057928,2002-07-28
Morgan Smith,70,Male,San Antonio,871 Avenue San Antonio,09423900732,1985-12-26
Pat Jackson,35,LGBTQ,Marcelo Green,58 Road Marcelo Green,09659331520,1970-12-02
Jane Thompson,59,Male,Marcelo Green,355 Street Marcelo Green,09447010943,2012-08-20
John Garcia,54,Male,Sun Valley,743 Avenue Sun Valley,09426815160,1949-07-16
Taylor Brown,73,Female,San Martin de Porres,396 Street San Martin de Porres,09864562145,1972-09-20
Skyler Martinez,19,LGBTQ,Sun Valley,775 Street Sun Valley,09432375450,1945-04-18
Jamie Thomas,69,Female,San Martin de Porres,53 Street San Martin de Porres,09488996328,2010-02-03
Alex Johnson,70,Male,San Martin de Porres,79 Road San Martin de Porres,09365219956,2017-01-24
Taylor Anderson,79,Male,Marcelo Green,929 Road Marcelo Green,09358825516,2013-06-23
Jamie Garcia,8,Male,Moonwalk,670 Street Moonwalk,09344527609,2002-11-13
Robin Martin,83,Male,BF Homes,284 Road BF Homes,09458953402,1993-09-29
Jane Garcia,16,Male,Marcelo Green,512 Street Marcelo Green,09762726976,1944-11-26
Drew Brown,58,LGBTQ,Sun Valley,265 Avenue Sun Valley,09791038517,2002-04-24
Jane White,13,LGBTQ,Moonwalk,440 Avenue Moonwalk,09914906255,1943-05-25
Taylor Martinez,56,Male,Marcelo Green,266 Street Marcelo Green,09574325396,1956-09-06
Cameron Taylor,45,LGBTQ,BF Homes,57 Street BF Homes,09787520414,1989-11-05
Sam Jackson,54,Female,Sun Valley,919 Road Sun Valley,09334154653,1968-04-23
Casey Anderson,86,LGBTQ,BF Homes,850 Road BF Homes,09127073553,2010-11-29
Pat Harris,41,LGBTQ,Moonwalk,456 Street Moonwalk,09170904856,1988-01-23
Taylor Garcia,36,Male,Moonwalk,455 Road Moonwalk,09236014786,2005-11-22
Alex Brown,65,LGBTQ,Merville,721 Street Merville,09698113337,1980-04-03
John Harris,80,LGBTQ,Moonwalk,830 Road Moonwalk,09788044818,1973-02-10
Casey Harris,86,Male,Merville,719 Road Merville,09230739324,1962-01-11
John Robinson,55,Female,Marcelo Green,41 Avenue Marcelo Green,09598438902,2009-03-29
Jordan Brown,1,Female,Don Bosco,526 Street Don Bosco,09217609685,1961-10-27
Morgan Robinson,90,Male,San Antonio,120 Road San Antonio,09997266176,1950-08-09
Alex Harris,30,LGBTQ,Don Bosco,918 Street Don Bosco,09808783617,1992-07-26
Jordan Martinez,79,Male,San Martin de Porres,463 Road San Martin de Porres,09829993366,1972-09-02
Chris Brown,18,Female,San Antonio,919 Avenue San Antonio,09787324229,1957-10-22
Morgan Thompson,13,LGBTQ,Marcelo Green,725 Street Marcelo Green,09409128624,2004-08-07
Drew Martinez,27,LGBTQ,San Martin de Porres,108 Road San Martin de Porres,09386491170,1946-06-30
Skyler White,52,LGBTQ,San Martin de Porres,869 Road San Martin de Porres,09651511786,1973-06-29
Chris Garcia,2,Female,Moonwalk,737 Street Moonwalk,09498164622,1981-04-16
Taylor Thompson,65,Female,San Antonio,334 Avenue San Antonio,09814215689,2012-04-01
Sam Smith,68,Male,San Martin de Porres,487 Road San Martin de Porres,09544307921,1947-12-26
Cameron Thomas,1,Female,Merville,560 Road Merville,09314341118,1994-07-16
Jordan Garcia,75,Male,Merville,134 Street Merville,09429070094,1974-01-16
Casey Thompson,68,LGBTQ,Don Bosco,126 Road Don Bosco,09206978836,2007-02-03
Jamie Thomas,78,Male,Don Bosco,850 Road Don Bosco,09791121637,2011-05-11
Robin Robinson,11,LGBTQ,BF Homes,654 Road BF Homes,09787458389,1945-02-20
Jamie Garcia,9,Female,San Martin de Porres,93 Road San Martin de Porres,09353871702,1995-05-28
Jane White,29,LGBTQ,Marcelo Green,173 Road Marcelo Green,09342159520,1998-06-12
Robin Anderson,66,Female,Don Bosco,249 Avenue Don Bosco,09939329057,1983-07-02
Alex Johnson,25,Male,San Martin de Porres,364 Street San Martin de Porres,09567607017,1977-08-09
Chris Harris,61,Female,San Antonio,235 Street San Antonio,09731185949,1947-02-07
John Jackson,26,Male,BF Homes,923 Road BF Homes,09206221004,1956-01-17
Sam Brown,55,LGBTQ,Moonwalk,338 Avenue Moonwalk,09796317103,2017-08-28
Sam Martinez,42,LGBTQ,Sun Valley,258 Road Sun Valley,09667188321,2000-11-07
Cameron Jackson,50,Female,BF Homes,962 Road BF Homes,09631703998,2021-07-27
Sam Martinez,18,Female,Marcelo Green,848 Street Marcelo Green,09792038351,1973-12-21
Jordan Anderson,69,LGBTQ,San Antonio,221 Avenue San Antonio,09918268538,1973-08-22
Robin White,57,LGBTQ,Merville,689 Road Merville,09642632289,1992-05-29
John Jackson,76,Female,San Antonio,431 Avenue San Antonio,09930544434,1973-10-06
Skyler Thomas,4,LGBTQ,Moonwalk,608 Road Moonwalk,09549302820,1953-09-30
Jordan Robinson,28,Female,Don Bosco,521 Avenue Don Bosco,09653022774,2023-01-12
Jordan Robinson,13,Female,BF Homes,44 Avenue BF Homes,09834807886,1969-09-10
Alex Martin,83,Male,Sun Valley,601 Avenue Sun Valley,09604557910,2023-08-20
Morgan Robinson,72,LGBTQ,San Antonio,966 Road San Antonio,09578893728,1973-01-28
Cameron Taylor,45,LGBTQ,San Antonio,965 Avenue San Antonio,09991547616,1976-04-02
Jordan Johnson,65,Female,Don Bosco,92 Avenue Don Bosco,09100261442,1974-06-01
John White,27,Male,Marcelo Green,436 Street Marcelo Green,09941423257,1971-12-29
Jordan Brown,18,Male,Sun Valley,322 Road Sun Valley,09720792091,1972-03-27
Morgan White,45,LGBTQ,San Martin de Porres,506 Road San Martin de Porres,09665889752,1955-06-07
Casey Harris,80,LGBTQ,San Antonio,593 Street San Antonio,09647268494,2021-03-20
Jane Johnson,66,Male,San Martin de Porres,693 Street San Martin de Porres,09992836519,1952-04-10
Chris Martinez,84,LGBTQ,San Martin de Porres,567 Street San Martin de Porres,09830214243,1989-07-05
Skyler Thompson,43,Female,Don Bosco,775 Street Don Bosco,09325828101,1943-09-30
Casey Taylor,7,Female,San Antonio,768 Avenue San Antonio,09255709864,2007-05-19
Cameron Johnson,17,LGBTQ,Marcelo Green,117 Avenue Marcelo Green,09649174568,2014-03-06
Casey Anderson,56,LGBTQ,San Martin de Porres,531 Avenue San Martin de Porres,09349037856,1974-04-22
Chris White,44,Male,Sun Valley,259 Road Sun Valley,09773591790,2016-03-28
Sam Jackson,49,Male,BF Homes,29 Avenue BF Homes,09457737651,1975-12-08
Skyler Smith,39,LGBTQ,San Antonio,997 Avenue San Antonio,09802802526,1944-10-08
Skyler Martin,24,Male,Sun Valley,256 Avenue Sun Valley,09529580487,2021-01-14
Alex Anderson,66,LGBTQ,San Martin de Porres,116 Avenue San Martin de Porres,09218834057,1992-09-05
Sam Taylor,42,Female,Sun Valley,380 Road Sun Valley,09687790117,1952-03-08
Skyler Robinson,81,LGBTQ,BF Homes,39 Road BF Homes,09113870510,1941-10-29
Drew Anderson,16,Male,San Antonio,417 Road San Antonio,09214616239,1962-06-19
Drew Harris,43,Female,BF Homes,640 Avenue BF Homes,09209771870,2023-02-22
Drew Robinson,11,Female,San Martin de Porres,658 Street San Martin de Porres,09900197535,2005-12-27
Chris Anderson,25,Male,Moonwalk,891 Road Moonwalk,09285928853,2011-03-31
Alex Anderson,47,Male,San Antonio,883 Road San Antonio,09823310422,1977-07-11
Jordan Garcia,75,LGBTQ,Merville,833 Street Merville,09416941850,2019-05-23
Casey Jackson,55,Female,BF Homes,397 Road BF Homes,09808218697,1986-02-26
Jordan Taylor,81,Male,San Martin de Porres,280 Street San Martin de Porres,09212915652,1998-08-16
Jordan White,45,LGBTQ,Moonwalk,546 Avenue Moonwalk,09246750033,1955-12-29
Jane Harris,41,LGBTQ,Sun Valley,919 Road Sun Valley,09877292970,2007-05-18
Skyler White,59,Male,Merville,433 Street Merville,09130120703,1940-05-26
Sam Thompson,9,LGBTQ,Sun Valley,748 Avenue Sun Valley,09884888495,1942-04-26
Cameron Johnson,15,Male,San Antonio,812 Street San Antonio,09409021185,2003-03-01
Robin Thompson,11,Female,Marcelo Green,560 Street Marcelo Green,09155130549,2013-12-28
Casey Smith,56,LGBTQ,Sun Valley,637 Street Sun Valley,09385096205,1987-09-04
Cameron Garcia,57,Female,San Antonio,395 Street San Antonio,09393007323,2020-10-05
Taylor White,76,Male,San Martin de Porres,992 Road San Martin de Porres,09566940073,2020-03-17
Chris White,41,LGBTQ,Sun Valley,545 Street Sun Valley,09896158487,2007-07-30
Drew Harris,11,Female,San Antonio,79 Road San Antonio,09364615760,1983-12-16
Chris Brown,17,Female,Moonwalk,413 Street Moonwalk,09833031592,2007-07-29
Morgan Thompson,31,Female,Merville,455 Street Merville,09317216598,1986-02-11
Sam Brown,41,LGBTQ,Merville,208 Avenue Merville,09274938064,2021-11-28
Chris Jackson,86,LGBTQ,Don Bosco,411 Street Don Bosco,09446049970,1983-11-21
Pat Thomas,18,LGBTQ,Moonwalk,629 Street Moonwalk,09231179359,2017-08-10
Drew Smith,13,LGBTQ,San Antonio,142 Avenue San Antonio,09749106114,2022-05-02
John Anderson,47,Male,San Martin de Porres,610 Road San Martin de Porres,09209924386,1946-10-06
Skyler Smith,26,LGBTQ,San Antonio,246 Road San Antonio,09593124172,1975-04-18
Jane Brown,81,Male,Marcelo Green,412 Road Marcelo Green,09383031407,1963-06-06
Jane Smith,30,Female,Moonwalk,782 Avenue Moonwalk,09257650585,1944-07-07
Morgan Taylor,46,LGBTQ,Marcelo Green,331 Road Marcelo Green,09767105815,1999-08-21
Taylor Martinez,84,Female,BF Homes,580 Street BF Homes,09766602405,1985-06-09
Jordan Garcia,67,Female,Sun Valley,817 Road Sun Valley,09429947652,1941-05-03
Sam Anderson,55,Male,San Martin de Porres,112 Road San Martin de Porres,09814185187,1973-09-03
Chris Johnson,65,LGBTQ,Merville,601 Avenue Merville,09223864165,2006-11-04
Jordan Brown,36,Female,BF Homes,991 Street BF Homes,09759486769,2003-08-01
Pat Taylor,18,Male,Moonwalk,382 Road Moonwalk,09184709436,2010-08-31
Alex Thomas,20,Male,Merville,295 Road Merville,09148112964,1954-03-09
Jordan Jackson,59,Female,Moonwalk,27 Avenue Moonwalk,09261657808,1961-02-16
Morgan Johnson,47,LGBTQ,Moonwalk,833 Road Moonwalk,09688050187,1952-01-17
Chris Anderson,40,Male,Merville,876 Street Merville,09964259568,2001-02-16
Skyler White,19,Male,Merville,670 Avenue Merville,09105371448,2023-07-16
Jane Brown,84,LGBTQ,Moonwalk,343 Street Moonwalk,09227562094,2007-10-08
Casey Martin,8,LGBTQ,Moonwalk,476 Avenue Moonwalk,09728891324,1949-12-19
Robin Jackson,64,Male,Sun Valley,977 Road Sun Valley,09371859090,2015-01-07
Morgan Johnson,66,Male,Sun Valley,95 Road Sun Valley,09958839705,2010-09-13
Morgan Brown,50,LGBTQ,Sun Valley,950 Road Sun Valley,09227065664,1979-06-10
Casey Brown,60,LGBTQ,BF Homes,222 Road BF Homes,09849534346,1947-07-01
Taylor Thompson,31,LGBTQ,San Martin de Porres,665 Avenue San Martin de Porres,09872796305,1983-07-07
Alex Smith,60,Female,Marcelo Green,792 Avenue Marcelo Green,09610676932,1996-11-04
Chris Anderson,76,Male,San Antonio,341 Road San Antonio,09630792954,2013-08-26
Casey White,63,Female,Marcelo Green,742 Avenue Marcelo Green,09571042954,2014-06-01
Skyler Thomas,28,Female,Marcelo Green,662 Avenue Marcelo Green,09340157249,1953-07-07
Robin Smith,26,LGBTQ,Don Bosco,351 Avenue Don Bosco,09203467941,1965-08-28
Pat Robinson,66,LGBTQ,BF Homes,404 Road BF Homes,09534874663,1957-02-11
Robin Martin,68,Male,San Martin de Porres,316 Road San Martin de Porres,09589971456,2015-10-14
John Jackson,44,Female,Merville,829 Avenue Merville,09859052898,1997-12-10
Jane Thomas,53,LGBTQ,Don Bosco,145 Street Don Bosco,09242046812,1956-01-01
John Thompson,29,Male,San Antonio,626 Road San Antonio,09318188465,1998-05-27
Drew Brown,49,LGBTQ,Don Bosco,799 Street Don Bosco,09559497846,1972-02-25
Drew Smith,42,LGBTQ,Don Bosco,514 Street Don Bosco,09468624836,1968-04-12
Skyler Smith,59,LGBTQ,BF Homes,263 Avenue BF Homes,09127794182,1969-05-26
Cameron Johnson,42,Male,BF Homes,201 Street BF Homes,09977366065,1984-01-27
Skyler Anderson,56,Male,Merville,552 Avenue Merville,09496824554,1999-08-25
Alex Smith,42,LGBTQ,Marcelo Green,204 Avenue Marcelo Green,09487997267,1989-03-25
Jane Thompson,42,Male,San Antonio,247 Street San Antonio,09349059069,2010-04-08
Chris Harris,75,LGBTQ,Moonwalk,191 Avenue Moonwalk,09150966766,1951-05-22
Sam Harris,3,Male,San Antonio,733 Avenue San Antonio,09529963062,1958-02-27
Chris Thompson,35,LGBTQ,San Antonio,24 Avenue San Antonio,09619836194,2000-05-07
Robin Robinson,52,Male,San Antonio,833 Street San Antonio,09525072889,1956-11-11
Skyler Taylor,35,Female,BF Homes,419 Avenue BF Homes,09785156362,1972-11-19
Cameron Thompson,90,Female,Moonwalk,963 Avenue Moonwalk,09619182475,1941-03-31
Jordan Brown,33,Female,Merville,299 Road Merville,09626974307,2010-09-28
Casey Robinson,18,Male,Marcelo Green,614 Street Marcelo Green,09875996932,1988-09-26
Alex Anderson,56,Female,San Martin de Porres,560 Street San Martin de Porres,09896489166,1961-12-31
Taylor Taylor,38,LGBTQ,Don Bosco,454 Road Don Bosco,09300609665,1982-12-15
Drew Robinson,13,Female,Sun Valley,571 Street Sun Valley,09275810104,1998-02-12
Alex Smith,85,Female,Marcelo Green,940 Avenue Marcelo Green,09227645001,2018-12-26
Alex Harris,79,LGBTQ,BF Homes,60 Street BF Homes,09961361718,1947-08-04
Jane White,28,Male,Sun Valley,477 Avenue Sun Valley,09450240449,2021-01-09
Sam Garcia,20,Male,Moonwalk,203 Avenue Moonwalk,09813688411,1987-01-30
Sam Martin,42,LGBTQ,BF Homes,844 Avenue BF Homes,09737599278,2013-02-03
Chris Harris,13,Female,Merville,539 Avenue Merville,09480495457,1943-04-13
Morgan Harris,79,Male,Merville,544 Street Merville,09931445381,1999-02-12
Taylor Smith,74,LGBTQ,San Antonio,826 Avenue San Antonio,09204549205,1999-08-15
Drew Anderson,89,Male,Marcelo Green,499 Road Marcelo Green,09954052963,1959-02-05
Jamie Taylor,11,LGBTQ,San Martin de Porres,59 Road San Martin de Porres,09959346495,2010-08-31
Pat Robinson,73,Female,Marcelo Green,723 Avenue Marcelo Green,09825549425,2015-05-19
John White,65,Male,San Antonio,803 Road San Antonio,09981642022,1962-08-06
John Martinez,9,Male,San Antonio,874 Road San Antonio,09458878806,2010-07-09
Jordan Smith,31,Female,Don Bosco,861 Road Don Bosco,09308205209,1951-09-26
Morgan Thompson,69,Male,San Martin de Porres,291 Road San Martin de Porres,09408058500,1965-01-31
Skyler Taylor,14,Female,Sun Valley,415 Avenue Sun Valley,09519097156,2011-01-05
Pat Smith,76,Female,Don Bosco,21 Road Don Bosco,09811516793,1961-07-06
Jamie Robinson,85,Female,San Martin de Porres,856 Street San Martin de Porres,09284455944,1980-10-02
John Johnson,12,Male,Moonwalk,169 Road Moonwalk,09403785756,2013-05-22
Casey Brown,85,LGBTQ,Marcelo Green,806 Street Marcelo Green,09896402130,2013-01-04
Chris Johnson,30,LGBTQ,Marcelo Green,937 Road Marcelo Green,09336459363,1940-07-22
Jordan White,47,Female,Merville,463 Street Merville,09404775953,1954-06-05
Skyler White,23,Male,Marcelo Green,169 Avenue Marcelo Green,09296100117,1967-05-29
Taylor Taylor,29,Female,Moonwalk,185 Street Moonwalk,09674855979,1963-01-21
Chris White,81,LGBTQ,Merville,97 Avenue Merville,09298459796,1977-08-29
Drew Taylor,14,LGBTQ,Moonwalk,71 Road Moonwalk,09291381199,1985-01-31
Taylor Taylor,83,LGBTQ,Don Bosco,126 Road Don Bosco,09587238867,1965-03-30
Skyler Anderson,67,Female,San Antonio,900 Street San Antonio,09295110885,2023-05-03
Jordan Thomas,54,Male,Sun Valley,585 Avenue Sun Valley,09477578846,2015-02-01
Pat Robinson,86,Female,Marcelo Green,97 Road Marcelo Green,09481110871,1970-07-05
Jordan Martinez,11,Female,San Martin de Porres,348 Street San Martin de Porres,09290975457,1967-06-09
Alex Anderson,58,Female,Don Bosco,4 Street Don Bosco,09274862656,1952-04-26
Jane Brown,36,Male,San Antonio,421 Street San Antonio,09275976068,1956-02-19
Jane Johnson,73,Female,San Martin de Porres,254 Street San Martin de Porres,09432901442,1961-01-02
Pat Harris,56,LGBTQ,Don Bosco,125 Street Don Bosco,09114321286,1989-10-01
Robin Martinez,41,LGBTQ,San Martin de Porres,231 Road San Martin de Porres,09721668268,1992-06-06
Alex Martin,45,Female,Marcelo Green,140 Street Marcelo Green,09177290639,1959-10-07
Cameron Robinson,35,LGBTQ,San Martin de Porres,665 Road San Martin de Porres,09711798930,1941-08-11
Skyler Thomas,22,Male,San Antonio,279 Avenue San Antonio,09980974851,2004-10-26
Robin Jackson,6,LGBTQ,Sun Valley,457 Street Sun Valley,09108291912,1979-01-24
Jamie Anderson,68,Female,BF Homes,582 Road BF Homes,09381060951,1960-09-07
Jamie Smith,5,LGBTQ,Merville,122 Avenue Merville,09509267156,1998-06-27
Jane Taylor,19,Female,Moonwalk,229 Road Moonwalk,09891819692,1959-05-05
Drew Smith,2,Female,San Antonio,439 Street San Antonio,09811832118,1942-08-28
Taylor Thomas,14,LGBTQ,BF Homes,68 Avenue BF Homes,09595845460,1947-01-15
Sam Martinez,72,Female,San Antonio,528 Avenue San Antonio,09493563650,1999-06-02
Taylor White,42,LGBTQ,Marcelo Green,517 Avenue Marcelo Green,09351168502,1961-07-27
Alex Thomas,12,Female,Don Bosco,781 Street Don Bosco,09120480279,1992-11-26
Taylor Thompson,73,LGBTQ,Moonwalk,162 Avenue Moonwalk,09332503562,1946-08-29
Robin Harris,85,LGBTQ,BF Homes,108 Street BF Homes,09238519111,1980-12-15
Robin White,42,Male,Merville,685 Road Merville,09459658860,1985-08-01
Jamie Thomas,10,Male,Don Bosco,965 Street Don Bosco,09640466432,2016-10-29
Drew Martin,79,Male,Don Bosco,310 Road Don Bosco,09330051064,2007-10-03
Pat Brown,22,LGBTQ,Sun Valley,147 Road Sun Valley,09393034189,1969-01-06
Sam Robinson,86,LGBTQ,San Martin de Porres,46 Street San Martin de Porres,09148801243,1969-05-21
Jordan Anderson,25,LGBTQ,San Martin de Porres,279 Street San Martin de Porres,09125156656,1949-02-11
Morgan Johnson,75,Female,Sun Valley,565 Avenue Sun Valley,09774923919,1967-04-09
Jane Harris,19,LGBTQ,Sun Valley,486 Road Sun Valley,09614237542,1996-10-11
Casey White,80,Female,BF Homes,788 Avenue BF Homes,09756565105,1973-08-25
Jane Thompson,69,LGBTQ,Don Bosco,60 Street Don Bosco,09970645779,1975-10-25
Pat Thompson,53,Male,Sun Valley,328 Street Sun Valley,09780638062,2014-09-13
Taylor Johnson,54,LGBTQ,San Antonio,399 Avenue San Antonio,09278983699,2021-08-01
Alex Martin,10,Male,Marcelo Green,385 Avenue Marcelo Green,09499020252,2008-04-27
Pat Johnson,81,Male,Merville,595 Avenue Merville,09173157491,1976-01-28
Skyler Harris,88,LGBTQ,BF Homes,39 Street BF Homes,09811380993,1984-12-18
Cameron Harris,37,Male,San Martin de Porres,144 Avenue San Martin de Porres,09700493221,1995-11-20
Cameron Martin,24,LGBTQ,Don Bosco,389 Street Don Bosco,09360691498,1979-11-15
Pat Smith,24,LGBTQ,Don Bosco,762 Avenue Don Bosco,09264550708,2018-06-02
Taylor Taylor,67,Female,Marcelo Green,623 Road Marcelo Green,09304946384,1972-08-04
Chris Garcia,9,LGBTQ,San Martin de Porres,230 Avenue San Martin de Porres,09598214947,2016-08-15
Casey Smith,33,LGBTQ,Don Bosco,426 Road Don Bosco,09454397480,2018-04-18
Chris Thomas,63,Male,Sun Valley,409 Road Sun Valley,09262562370,1942-02-28
Sam Anderson,54,Female,Moonwalk,731 Road Moonwalk,09835998889,1996-10-28
Sam Jackson,69,Male,Don Bosco,382 Avenue Don Bosco,09441673378,1995-06-27
Jamie Anderson,64,Female,San Antonio,386 Street San Antonio,09796468231,1993-03-13
Morgan White,84,Female,Merville,947 Street Merville,09764024992,1980-03-27
Cameron Harris,49,Female,Moonwalk,78 Avenue Moonwalk,09346215841,1961-09-27
Taylor Brown,57,LGBTQ,Moonwalk,704 Road Moonwalk,09252716441,1959-02-10
Skyler Garcia,30,Female,BF Homes,505 Road BF Homes,09288690202,1987-04-24
Casey Thomas,23,Female,Marcelo Green,360 Street Marcelo Green,09724118270,1991-07-10
Casey Harris,52,Male,San Martin de Porres,484 Road San Martin de Porres,09245219806,1993-05-22
Pat Martinez,63,Male,Moonwalk,224 Road Moonwalk,09447916100,1992-04-18
Alex Brown,30,Female,BF Homes,60 Road BF Homes,09182213552,1977-08-26
Chris Johnson,51,Male,San Antonio,686 Avenue San Antonio,09118276155,1962-10-03
Pat Thomas,26,LGBTQ,Merville,654 Road Merville,09389707542,1975-09-06
Casey Johnson,27,Male,San Martin de Porres,674 Avenue San Martin de Porres,09801056191,2009-08-10
Jordan Robinson,47,Female,Merville,139 Road Merville,09200123966,2007-01-28
Skyler Jackson,55,Female,Merville,701 Street Merville,09807992248,1979-05-05
Alex Jackson,79,LGBTQ,Marcelo Green,24 Avenue Marcelo Green,09942028358,1963-11-28
Morgan Brown,19,Male,Moonwalk,832 Road Moonwalk,09599840510,2001-02-11
Jamie Brown,64,LGBTQ,Merville,401 Street Merville,09479467659,2001-01-21
Jordan White,1,LGBTQ,Moonwalk,179 Road Moonwalk,09836672113,1943-02-13
Skyler Thomas,61,Male,Marcelo Green,554 Avenue Marcelo Green,09775655526,1973-12-15
Sam Garcia,63,LGBTQ,San Antonio,920 Street San Antonio,09660574249,1976-07-28
Robin Martinez,40,Female,San Antonio,195 Avenue San Antonio,09377786326,1988-08-13
Cameron Thompson,60,Female,Moonwalk,649 Road Moonwalk,09754796528,1980-11-17
Jordan Jackson,46,Male,Sun Valley,800 Road Sun Valley,09594819133,1945-03-31
Sam Thompson,31,Female,Moonwalk,429 Street Moonwalk,09197511118,2005-12-29
Cameron Smith,19,Female,San Martin de Porres,837 Street San Martin de Porres,09145179992,1969-10-22
Chris Robinson,54,LGBTQ,BF Homes,722 Road BF Homes,09554457343,1941-01-29
Drew Smith,14,Female,Don Bosco,492 Road Don Bosco,09231633019,1960-01-30
Pat Anderson,70,LGBTQ,Sun Valley,967 Road Sun Valley,09925793612,1944-04-21
Sam White,51,LGBTQ,Don Bosco,438 Road Don Bosco,09102175684,1982-01-08
Cameron Smith,28,Female,Marcelo Green,160 Road Marcelo Green,09667368675,1980-07-14
Taylor Harris,64,Female,Marcelo Green,48 Road Marcelo Green,09352733565,1986-09-29
Sam Johnson,6,Female,Moonwalk,349 Street Moonwalk,09322294787,1954-04-19
Jamie Thomas,37,LGBTQ,Sun Valley,409 Road Sun Valley,09101972987,1998-06-29
Casey Johnson,60,Male,San Antonio,650 Road San Antonio,09294665060,2001-09-25
Skyler Johnson,45,Male,San Martin de Porres,818 Avenue San Martin de Porres,09734121060,1948-05-22
Casey Smith,70,Male,Merville,921 Avenue Merville,09429039857,1983-06-19
Chris White,10,Male,BF Homes,671 Road BF Homes,09447827269,1965-06-05
Alex Taylor,64,Male,San Antonio,59 Avenue San Antonio,09745587857,2008-09-08
Taylor Smith,57,Female,Don Bosco,768 Road Don Bosco,09705870812,2013-05-19
Cameron Robinson,82,LGBTQ,Marcelo Green,169 Road Marcelo Green,09937987689,1947-11-21
