name,address,age,gender,contact,birthday
Maria Santos,Barangay San Jose,34,Female,09123456789,1989-03-15
Juan Dela Cruz,Barangay Santa Maria,28,Male,09234567890,1995-07-22
Ana Reyes,Barangay San Antonio,45,Female,09345678901,1978-11-08
Carlos Mendoza,Barangay Santo Domingo,52,Male,09456789012,1971-04-30
Rosa Garcia,Barangay San Miguel,29,Female,09567890123,1994-09-12
Pedro Villanueva,Barangay San Jose,41,Male,09678901234,1982-06-18
Carmen Torres,Barangay Santa Maria,37,Female,09789012345,1986-12-03
Miguel Ramirez,Barangay San Antonio,33,Male,09890123456,1990-08-25
Elena Morales,Barangay Santo Domingo,26,Female,09901234567,1997-02-14
Roberto Cruz,Barangay San Miguel,48,Male,09012345678,1975-10-07
Luz Fernandez,Barangay San Jose,31,Female,09123456780,1992-05-19
Antonio Silva,Barangay Santa Maria,39,Male,09234567891,1984-01-28
Gloria Herrera,Barangay San Antonio,43,Female,09345678902,1980-09-11
Francisco Aguilar,Barangay Santo Domingo,36,Male,09456789013,1987-07-04
Isabel Martinez,Barangay San Miguel,24,Female,09567890124,1999-12-16
Ricardo Jimenez,Barangay San Jose,50,Male,09678901235,1973-03-08
Teresa Romero,Barangay Santa Maria,32,Female,09789012346,1991-11-21
Alejandro Castro,Barangay San Antonio,27,Male,09890123457,1996-06-13
Margarita Vargas,Barangay Santo Domingo,44,Female,09901234568,1979-04-26
Enrique Gutierrez,Barangay San Miguel,35,Male,09012345679,1988-08-09
Esperanza Ramos,Barangay San Jose,42,Female,09123456781,1981-12-02
Joaquin Sandoval,Barangay Santa Maria,30,Male,09234567892,1993-10-15
Dolores Navarro,Barangay San Antonio,38,Female,09345678903,1985-02-28
Salvador Ortega,Barangay Santo Domingo,46,Male,09456789014,1977-07-20
Pilar Moreno,Barangay San Miguel,25,Female,09567890125,1998-05-03
Andres Ruiz,Barangay San Jose,49,Male,09678901236,1974-09-17
Concepcion Diaz,Barangay Santa Maria,33,Female,09789012347,1990-01-10
Rafael Pe침a,Barangay San Antonio,40,Male,09890123458,1983-11-23
Soledad Luna,Barangay Santo Domingo,28,Female,09901234569,1995-03-06
Gregorio Vega,Barangay San Miguel,51,Male,09012345680,1972-08-12
Remedios Cortez,Barangay San Jose,36,Female,09123456782,1987-06-25
Domingo Serrano,Barangay Santa Maria,29,Male,09234567893,1994-12-08
Amparo Blanco,Barangay San Antonio,47,Female,09345678904,1976-04-01
Leopoldo Molina,Barangay Santo Domingo,34,Male,09456789015,1989-10-14
Encarnacion Campos,Barangay San Miguel,41,Female,09567890126,1982-02-27
Teodoro Prieto,Barangay San Jose,26,Male,09678901237,1997-07-11
Purificacion Rubio,Barangay Santa Maria,45,Female,09789012348,1978-12-24
Evaristo Marquez,Barangay San Antonio,37,Male,09890123459,1986-05-07
Asuncion Delgado,Barangay Santo Domingo,32,Female,09901234570,1991-09-19
Timoteo Gallego,Barangay San Miguel,43,Male,09012345681,1980-01-02
Visitacion Fuentes,Barangay San Jose,24,Female,09123456783,1999-11-15
Crisanto Santana,Barangay Santa Maria,48,Male,09234567894,1975-03-28
Milagros Carrasco,Barangay San Antonio,35,Female,09345678905,1988-08-10
Dionisio Pascual,Barangay Santo Domingo,39,Male,09456789016,1984-06-23
Natividad Soto,Barangay San Miguel,31,Female,09567890127,1992-12-05
Cirilo Medina,Barangay San Jose,50,Male,09678901238,1973-04-18
Adoracion Cano,Barangay Santa Maria,27,Female,09789012349,1996-10-01
Benigno Guerrero,Barangay San Antonio,44,Male,09890123460,1979-02-13
Presentacion Mendez,Barangay Santo Domingo,38,Female,09901234571,1985-07-26
Macario Calvo,Barangay San Miguel,33,Male,09012345682,1990-12-09
Primitiva Herrero,Barangay San Jose,42,Female,09123456784,1981-05-22
Artemio Perez,Barangay Santa Maria,29,Male,09234567895,1994-09-04
Consolacion Lozano,Barangay San Antonio,46,Female,09345678906,1977-01-17
Casimiro Gimenez,Barangay Santo Domingo,36,Male,09456789017,1987-11-30
Vicenta Mu침oz,Barangay San Miguel,25,Female,09567890128,1998-03-13
Saturnino Marin,Barangay San Jose,49,Male,09678901239,1974-08-26
Florencia Santos,Barangay Santa Maria,34,Female,09789012350,1989-06-08
Higinio Iglesias,Barangay San Antonio,40,Male,09890123461,1983-12-21
Perfecta Cabrera,Barangay Santo Domingo,28,Female,09901234572,1995-04-04
Victoriano Crespo,Barangay San Miguel,51,Male,09012345683,1972-09-16
Genoveva Roca,Barangay San Jose,37,Female,09123456785,1986-01-29
Prudencio Suarez,Barangay Santa Maria,30,Male,09234567896,1993-07-12
Celestina Gil,Barangay San Antonio,43,Female,09345678907,1980-11-25
Anacleto Vidal,Barangay Santo Domingo,35,Male,09456789018,1988-03-08
Clementina Ferrer,Barangay San Miguel,26,Female,09567890129,1997-08-21
Policarpo Leon,Barangay San Jose,48,Male,09678901240,1975-05-03
Epifania Castillo,Barangay Santa Maria,32,Female,09789012351,1991-10-16
Severino Nieto,Barangay San Antonio,41,Male,09890123462,1982-02-28
Salvadora Caballero,Barangay Santo Domingo,39,Female,09901234573,1984-07-11
Nemesio Benitez,Barangay San Miguel,27,Male,09012345684,1996-12-24
Inocencia Rojas,Barangay San Jose,44,Female,09123456786,1979-04-06
Abundio Esteban,Barangay Santa Maria,36,Male,09234567897,1987-09-19
Feliciana Lorenzo,Barangay San Antonio,33,Female,09345678908,1990-01-01
Remigio Morales,Barangay Santo Domingo,50,Male,09456789019,1973-06-14
Aurea Hidalgo,Barangay San Miguel,24,Female,09567890130,1999-11-27
Ubaldo Montero,Barangay San Jose,47,Male,09678901241,1976-03-10
Escolastica Lara,Barangay Santa Maria,31,Female,09789012352,1992-08-23
Venancio Jimenez,Barangay San Antonio,45,Male,09890123463,1978-12-05
Basilisa Ortiz,Barangay Santo Domingo,38,Female,09901234574,1985-05-18
Laureano Rubio,Barangay San Miguel,29,Male,09012345685,1994-10-31
Silveria Vargas,Barangay San Jose,42,Female,09123456787,1981-02-13
Leoncio Castro,Barangay Santa Maria,34,Male,09234567898,1989-07-26
Filomena Ramos,Barangay San Antonio,28,Female,09345678909,1995-12-08
Eustaquio Sandoval,Barangay Santo Domingo,46,Male,09456789020,1977-04-21
Custodia Navarro,Barangay San Miguel,37,Female,09567890131,1986-09-03
Aquilino Ortega,Barangay San Jose,33,Male,09678901242,1990-01-16
Modesta Moreno,Barangay Santa Maria,49,Female,09789012353,1974-06-29
Pantale칩n Ruiz,Barangay San Antonio,25,Male,09890123464,1998-11-11
Ricarda Diaz,Barangay Santo Domingo,41,Female,09901234575,1982-03-24
Filiberto Pe침a,Barangay San Miguel,36,Male,09012345686,1987-08-07
Natalia Luna,Barangay San Jose,30,Female,09123456788,1993-12-20
Hermenegildo Vega,Barangay Santa Maria,48,Male,09234567899,1975-05-02
Agripina Cortez,Barangay San Antonio,35,Female,09345678910,1988-10-15
Baldomero Serrano,Barangay Santo Domingo,27,Male,09456789021,1996-02-28
Quintina Blanco,Barangay San Miguel,43,Female,09567890132,1980-07-10
Lamberto Molina,Barangay San Jose,39,Male,09678901243,1984-12-23
Eufemia Campos,Barangay Santa Maria,32,Female,09789012354,1991-04-05
Secundino Prieto,Barangay San Antonio,44,Male,09890123465,1979-09-18
Sinforosa Rubio,Barangay Santo Domingo,26,Female,09901234576,1997-01-31
Eusebio Marquez,Barangay San Miguel,50,Male,09012345687,1973-06-13
Demetria Delgado,Barangay San Jose,38,Female,09123456789,1985-11-26
Nicanor Gallego,Barangay Santa Maria,31,Male,09234567890,1992-03-09
Saturnina Fuentes,Barangay San Antonio,47,Female,09345678901,1976-08-22
