name,age,sex,barangay,address,contact,birthday
Michael Clark,66,Male,Don Bosco,5986 Salazar Crossroad Suite 841,837.659.1538x2011,1959-06-05
Seth Olsen,35,Female,BF Homes,66426 Glenn Wells Apt. 512,245.533.7565x6976,1989-11-16
Kayla Chapman,98,Female,Merville,49451 Kurt Road,(506)929-6568,1927-08-02
Brian Cardenas,55,Male,Merville,2767 Carla Fort,001-509-793-4421x2914,1970-01-23
Mary Santana,39,Male,Sun Valley,34778 Justin Key,972.518.4070x3398,1985-09-28
Jesse Becker,34,Female,Don Bosco,37209 Stewart Stravenue,(767)063-6328x6301,1990-09-02
Sophia Petersen MD,57,Male,Merville,848 Martinez Viaduct,833-367-9608x289,1968-01-11
Dr. Brady Clark Jr.,27,Female,San Martin de Porres,494 Mcdowell Rapid Apt. 085,(490)132-4951x93500,1997-09-06
Gary Myers,22,Male,Merville,8080 Stephanie Street Apt. 441,4043156685,2002-09-05
Sandra Lee,27,Male,San Antonio,8374 Flores Parkways,3090168564,1998-01-27
Ryan Hayes,69,Female,Marcelo Green,19027 Richard Rest Apt. 716,158-668-6119,1956-03-15
Ronald Gonzales,42,Female,Moonwalk,326 Thomas Canyon,001-505-835-3458x1956,1982-12-12
Chris Wood,74,Female,Don Bosco,39982 Moore Locks Apt. 177,801-584-6687x93030,1950-10-04
Glenda Moore,18,Female,BF Homes,76698 Jonathan Cliff Suite 025,(854)613-0873,2007-07-28
Thomas Bradshaw,36,Male,Marcelo Green,073 Stephanie Underpass,771.184.2527x8630,1989-06-06
Alexa Solomon,32,Male,San Antonio,02423 Leonard Overpass,057.771.9619,1993-03-21
Ashley Diaz,32,Female,Sun Valley,6676 Williams Ridge Suite 833,400-952-2426x5379,1992-10-23
Catherine Monroe,19,Female,San Martin de Porres,3907 Michael Haven,360.157.9115x0101,2006-01-08
Susan Barnes,49,Female,Don Bosco,026 Castro Stravenue,475.978.3354,1976-02-20
Christine Vasquez,82,Male,San Martin de Porres,214 Kennedy Course,638-664-3203x172,1943-06-20
Jenny Thomas,66,Female,San Antonio,6854 Vanessa Parks,+1-240-002-0860x14605,1958-09-09
Kristin Morgan,59,Female,San Antonio,71630 Vanessa Island,(369)301-0009x08993,1965-09-01
Kelly Acosta,75,Male,Don Bosco,028 Matthew Harbors Apt. 589,001-290-930-4376x61366,1949-10-12
Maria Hunt,94,Female,San Antonio,26815 Chan Square,705-311-0583x309,1931-01-22
Dale West MD,9,Female,Merville,89142 Obrien Mountains,(501)676-7187x76288,2016-06-16
Jennifer Young,55,Male,Sun Valley,16276 Brittany Ferry Suite 667,809.376.1652x28989,1969-08-08
Kevin Allen,35,Female,Moonwalk,812 Peterson Neck Suite 726,976-408-3858x05014,1989-09-24
Ashley Valentine,44,Male,Sun Valley,7893 Stephanie Dam Suite 651,+1-871-148-6005,1981-06-03
Nathan White,44,Male,BF Homes,287 Bailey Mountain Apt. 302,001-301-125-0186,1981-06-27
Katherine Jackson,13,Female,BF Homes,9522 Jeremy Field,(931)806-2007x30242,2012-07-23
Michael Taylor,16,Male,Sun Valley,3740 Simpson Tunnel Apt. 446,+1-956-740-6873x54453,2008-11-13
Austin James,59,Male,San Martin de Porres,865 Elizabeth Well Suite 834,+1-358-626-7366,1966-06-25
Erik Moore,26,Male,Moonwalk,5870 Sanchez Trail Suite 983,+1-443-695-8050x45050,1999-03-26
Derrick Ford,21,Female,Don Bosco,73429 Ashley Square,737.295.4503x801,2004-01-17
Justin Bell,84,Female,Moonwalk,20450 Susan Court Suite 353,279-433-7953,1940-09-06
Misty Garcia,11,Female,Marcelo Green,59042 Howard Mount,286-625-1085x738,2013-10-20
Megan Bailey,7,Female,Moonwalk,46091 Mario Common Suite 455,370-627-2816x73374,2018-01-03
Ryan Singleton,93,Male,San Martin de Porres,5626 Andrade Extensions Suite 084,187.620.9906x93196,1931-11-08
Ryan Leblanc,84,Male,Don Bosco,67045 Jennifer Stravenue Apt. 267,123.438.8804,1941-02-17
Timothy Sandoval,1,Male,Sun Valley,25936 Diaz Walks,+1-282-313-4275x57672,2024-03-29
Ashley Rivera,10,Male,Merville,443 Adrienne Station,436.953.1029,2015-02-10
Mr. Brian Smith,67,Female,BF Homes,917 Peter Tunnel,173-281-6291x08739,1957-10-06
Kevin Sanchez,2,Female,Don Bosco,7376 Wilson Burg,(298)770-7459x915,2023-07-08
David Stewart,55,Male,Sun Valley,02683 Peters Bypass,450.295.8676,1969-08-25
Richard Nelson,10,Male,San Martin de Porres,6754 Amanda Stream,(368)810-1382,2015-01-27
Anthony Christensen,12,Male,Don Bosco,34601 Moore Alley,388-253-2083,2013-04-30
Sierra Powers,41,Female,Moonwalk,636 John Port,+1-173-690-7894x76720,1983-08-23
Carl Scott,18,Female,Marcelo Green,70716 Joseph Lakes,8951237085,2006-09-07
Sonia Silva,83,Male,Don Bosco,445 Donovan Manor,+1-729-655-6192x767,1941-09-06
Jeremy Cohen,68,Male,Marcelo Green,886 Meghan Garden,001-561-266-7830,1956-12-29
Daniel Garcia,57,Female,Merville,402 Jeff Shoal Suite 614,662-763-3041x1761,1968-04-28
Mark Garcia,81,Male,San Martin de Porres,8319 Mooney Street,(364)704-6568x96987,1944-08-01
James Hansen,79,Female,Merville,04837 Richard Forks,001-159-229-1270x659,1945-11-01
Andrew Baker,12,Male,Marcelo Green,291 Amy Extension Apt. 824,183.018.1796x0757,2013-02-27
Rachel Acosta,97,Male,San Martin de Porres,749 Weber Centers Suite 221,114.865.6581x8981,1928-08-06
Alexandra Jones,45,Female,San Antonio,563 Victoria Flats,297-557-2616,1980-03-25
Jason Freeman,18,Male,Moonwalk,93899 Philip Expressway,001-013-071-6753x216,2006-11-01
Melissa Fisher,83,Male,Merville,17985 Lane Throughway,4903729545,1942-02-23
Kathy Peterson,71,Female,BF Homes,99812 Jefferson Street Apt. 922,517-419-2581x47621,1954-06-21
Catherine Lopez,85,Female,Merville,86399 Howard Courts,845.315.6309,1939-11-09
Raymond Ruiz,67,Male,San Martin de Porres,590 Dominguez Inlet Suite 987,(408)992-1773,1957-12-12
Paige Davis,38,Male,Merville,113 Sydney Mountains Apt. 670,217.340.2422x2419,1987-02-26
Sara Perez,64,Female,Don Bosco,3236 Parker Bridge,814-442-4842,1961-04-23
Mrs. Melissa Sanchez,31,Female,Don Bosco,94765 David Street Suite 156,099-414-7539x891,1994-07-21
Andrew Collins,68,Male,San Antonio,5190 Paul Club,+1-103-565-9429x92023,1957-02-09
James Aguilar,41,Male,San Martin de Porres,229 Hall Plain Suite 194,183-909-3424,1984-04-16
Brittany Smith,73,Female,San Antonio,283 Ortiz Flats Suite 889,343.751.8669,1951-11-13
Katie Parsons,70,Male,Sun Valley,2438 Patrick River Apt. 855,7435095288,1955-06-16
Jacqueline Nelson,99,Male,BF Homes,039 Roman Rapids Suite 453,917-650-4718x83009,1926-06-12
Denise Pierce,76,Male,BF Homes,44966 Jordan Radial Suite 706,001-170-690-1497x110,1949-05-28
Joseph Flynn,34,Male,BF Homes,56756 Luna Alley Suite 188,(016)744-9234x35969,1991-02-23
Stephen Gay,8,Female,Moonwalk,0566 Todd Inlet Apt. 242,+1-617-892-5714,2016-08-19
Erin Baird,81,Female,San Martin de Porres,576 Karla Well,816-384-9368x0635,1944-02-21
Albert Larsen,90,Female,Don Bosco,27896 Miller Valley,+1-304-852-7758x670,1935-07-19
Garrett Thomas,82,Male,Moonwalk,634 Frazier Forest,+1-946-896-3318x1233,1942-12-28
Javier Woods,11,Female,Don Bosco,3174 Delacruz Mountain,626.263.6785x089,2014-07-23
Suzanne Jacobs,66,Male,Marcelo Green,7594 Santos Heights Suite 295,774.037.6768,1959-02-07
Derek Hernandez,69,Female,San Martin de Porres,7514 Bell Hills Apt. 157,001-330-990-0094x06565,1956-05-14
Dana Roberts,76,Male,Moonwalk,3856 Sanchez Falls Apt. 266,0047091103,1949-06-19
William Wade,90,Female,Merville,19989 Bass Common Apt. 815,374.661.4477x61868,1935-02-12
Diana Murray,8,Male,Don Bosco,6829 Joy Station Apt. 565,+1-950-891-4233x029,2017-05-07
Jay Mitchell,56,Male,Sun Valley,4739 Thompson Drives,405-131-8660,1968-12-04
Mr. David Arnold,79,Male,Moonwalk,7852 Gibson Way,203-594-4102x3873,1946-06-28
Bradley Moon,86,Male,Don Bosco,4774 James Ford Suite 183,2585346581,1938-12-20
Marco Rose,2,Male,BF Homes,217 Cooper Road Apt. 984,001-128-655-8167x592,2022-10-29
Terri Davis,21,Female,San Antonio,8918 Jessica Flat,+1-146-342-9242,2003-09-15
Sherri Andrews,67,Female,Marcelo Green,91218 Moore Fields,114-613-3155x5301,1957-12-09
Colton Stokes,48,Male,Moonwalk,77811 Christina Streets Suite 598,557-663-4541x8299,1976-09-14
Todd Mathews,94,Male,BF Homes,2064 Sarah Street Apt. 061,001-669-100-8224x216,1931-03-02
Roger Buckley,43,Female,Moonwalk,175 Jackson Tunnel,(996)208-3479x1005,1982-03-15
Matthew Walters,68,Male,Moonwalk,2287 Jade Estate Apt. 007,859-724-3871x295,1956-09-10
Cody Love,92,Male,Sun Valley,8028 Smith Light,4802240654,1933-07-17
Jerry Ballard,59,Female,BF Homes,90418 Graham Spurs Suite 301,(556)238-8788x8765,1966-01-19
Susan Austin,64,Male,San Antonio,36062 Megan Brooks,138-604-7947,1961-07-23
Nicole Gilbert,21,Female,Don Bosco,035 Kathleen Stream,895-382-9441x914,2004-02-01
Monique Krueger,74,Male,Merville,7283 Andrade Street,(730)953-2670x84886,1951-06-19
Nicole Gutierrez,95,Male,BF Homes,2925 Monique Estate Apt. 801,323.530.6885x68467,1930-07-25
Jon Smith,2,Male,BF Homes,5837 Gross Ports Suite 975,(135)317-5559,2023-04-08
Jonathan Dean,61,Female,San Martin de Porres,741 Janice Highway Suite 267,119-976-4534x96551,1964-05-31
Martin Collins,20,Male,BF Homes,678 Young Stravenue,0935820163,2005-06-28
Peter Murphy,71,Female,Merville,224 David Harbors Apt. 492,668.098.4601x8040,1954-06-11
Thomas Spencer,42,Male,San Martin de Porres,3735 Ross Summit,155.446.0539x2609,1983-07-18
Scott Velazquez,93,Female,Moonwalk,272 Crystal Summit Apt. 649,001-119-285-6728,1931-12-26
Carolyn Miller,10,Female,Don Bosco,3830 Gibson Well Suite 821,(626)439-5678,2014-11-18
James Griffin,65,Male,Marcelo Green,5199 Catherine Circles,755.129.4414x925,1959-10-26
Jessica Hill,29,Male,San Martin de Porres,385 Nelson Mills,(565)907-0554x94343,1996-05-30
John Vasquez,9,Female,Moonwalk,9220 Saunders Walks Apt. 763,153-597-7100x1154,2016-02-02
Darryl Roberts,100,Female,San Antonio,14872 Michael Lakes Suite 856,135-474-1685x573,1925-04-04
Brittany Valencia,12,Female,BF Homes,5809 Tucker Rapid Suite 758,660-284-1362,2012-11-07
Noah Cobb,48,Male,Moonwalk,0407 John Valley Suite 147,+1-973-418-5595x08374,1976-12-29
Jennifer Martinez,73,Female,Merville,96101 Bailey Springs,0170679490,1952-02-12
Mercedes Thompson,60,Female,Sun Valley,1621 Lane Tunnel Apt. 896,635.367.3558x960,1965-02-12
Carl Ferguson,99,Male,Merville,1335 Karen Ridge,1430974274,1926-04-02
Jared Chambers,20,Male,San Martin de Porres,7967 Stephanie Grove,030.073.5658x26082,2005-07-03
Travis Caldwell,4,Male,San Antonio,794 Donald Parkways,001-866-911-2232x14252,2021-06-15
Thomas Richards,82,Male,San Antonio,9465 Stuart Roads,+1-465-325-5441x1818,1943-04-22
Susan Cooper,1,Female,Moonwalk,7380 Thomas Ford,+1-819-376-8418,2024-06-04
Shannon Crosby,14,Male,Merville,2201 Stanley Gardens Apt. 354,1127283603,2010-08-08
Sherry Foster,54,Female,BF Homes,7090 Stanley Orchard Suite 183,001-762-950-7671x62172,1970-08-23
Joseph Black,19,Female,Don Bosco,418 Cervantes Forges,3264564967,2005-11-30
Louis Morales,6,Male,San Martin de Porres,390 Mueller Glen Apt. 970,425.197.0181,2019-05-20
Kristin Garcia,90,Female,Sun Valley,296 Best Mountain Suite 215,193.625.2602,1934-10-13
Kenneth Hickman,96,Male,Don Bosco,875 Robertson Divide,+1-335-838-4391x065,1929-01-28
Robert York,65,Male,San Martin de Porres,5469 Kelsey Squares Suite 102,001-140-128-3319x5589,1960-05-07
Mr. Timothy Morgan,10,Male,San Martin de Porres,77170 Antonio Loop Suite 094,246-051-6483,2015-05-29
Kristi Flores,85,Male,Merville,6841 Gallagher Lodge,760.064.3459x731,1940-04-11
Paige Williams,38,Female,San Antonio,49675 Kemp Greens,104-848-0947x31815,1987-01-04
Glen Roberts,51,Female,San Antonio,79959 Lang Loop Apt. 110,976.475.4565x7289,1974-06-09
Christopher Vega,58,Female,Merville,8540 Bethany Rest,468.560.6699x26138,1966-09-27
Rachael Alvarez,10,Male,Marcelo Green,7795 Williams Shoal Apt. 996,(637)792-7110,2015-01-24
Virginia Martinez,100,Male,Marcelo Green,20682 Harris Fort Apt. 302,993.446.0606,1925-03-14
Mrs. Cristina Stark,14,Male,Sun Valley,523 Kim Lock Suite 294,285-370-0644,2011-03-01
Kristi Mitchell,60,Female,San Martin de Porres,3119 Jonathan Lake Suite 428,5376425507,1965-03-11
Tiffany Pierce,16,Female,Merville,602 Jeremy Ramp Apt. 213,701-958-6639,2009-06-04
Bonnie Shepherd,58,Female,Sun Valley,87314 Linda Port Suite 629,796-441-6033,1967-05-29
Justin Smith,34,Male,Don Bosco,51028 Collins Spur,202-201-7545,1990-11-20
Donald Jimenez,21,Female,BF Homes,104 Perry Well,501.526.9744x203,2004-07-08
Amy Nichols,28,Female,Marcelo Green,8330 Romero Park Apt. 383,(806)014-5792x3267,1996-09-05
Matthew Peterson,12,Male,San Antonio,701 Williams Coves,001-679-720-9251,2013-03-16
Bryan Hart,51,Male,Moonwalk,33297 Marie Ports Apt. 795,291.585.5116x39714,1974-03-28
Alec Cobb,34,Male,BF Homes,4142 Hoffman Mountain Apt. 962,(259)188-3124x9773,1991-05-29
Jessica Clarke,52,Female,Merville,44343 Heath Road Suite 872,+1-657-156-4380x299,1972-08-25
Courtney Reilly,13,Female,Don Bosco,424 Perkins Manor,0094091657,2011-11-03
Cameron Koch,18,Male,BF Homes,2254 Sandra Forges Suite 930,+1-140-152-7311x722,2007-01-07
Austin Henry,8,Male,Marcelo Green,9001 Martinez Ridge Apt. 359,474.229.8359x66771,2016-12-22
Kurt Clarke,26,Female,San Antonio,2473 Nguyen Canyon,001-329-909-0064x7614,1998-12-01
Jonathan Wright,88,Male,Moonwalk,4042 David River Suite 920,001-675-493-9343x9690,1936-11-22
Daniel Strickland,10,Male,Don Bosco,528 Grant Forges,733-813-3073x45330,2014-10-16
Mrs. Ashley White,26,Female,Marcelo Green,4098 Lee Viaduct Suite 203,505.160.2325,1998-09-13
Katherine Davis,12,Female,Don Bosco,8709 Walters Square Apt. 422,+1-456-411-9925x5125,2012-11-05
Robin Pugh,6,Female,BF Homes,135 Michael Summit,494.197.1575,2018-12-24
Bryan Frederick MD,22,Female,San Martin de Porres,82463 Mary Meadows,621-856-3520,2003-07-12
Judy Ayers,64,Male,San Martin de Porres,42059 Mason Knolls Suite 977,433-608-0901,1960-08-24
Dustin Webster,88,Female,Marcelo Green,39278 Amanda Fords,4616388168,1937-02-06
Morgan Davis,46,Male,Marcelo Green,9050 Cook Locks Apt. 672,007.272.0814x72373,1978-12-21
Albert Black,36,Female,Sun Valley,306 Farley Pike,001-999-514-5498x36714,1989-01-04
Mr. Tony Gray,20,Male,Merville,5185 Barry Corner Suite 456,5956343180,2005-07-28
Jessica Chapman,83,Female,Sun Valley,02585 Rivera Turnpike,377.730.3167,1942-05-01
Ashley Patton,53,Female,BF Homes,54872 Melissa Divide Suite 025,550-054-9080x9983,1972-03-14
Jennifer Ellis,12,Female,San Martin de Porres,46163 James Underpass Suite 383,001-000-914-3529x49307,2013-05-02
Diana Kim,18,Female,Merville,4662 Steele Knolls Apt. 896,(252)756-0022,2006-11-12
Danny Finley,83,Male,BF Homes,6771 Michael Shoals,(890)418-2805x166,1942-01-21
Joshua Wilson,49,Female,Sun Valley,92788 Wise Oval,+1-909-863-6152x7695,1976-06-24
Robin Hodge,70,Female,San Antonio,2022 Benson Drive Suite 886,137.371.4503,1954-09-04
Shelby Gentry,73,Female,San Martin de Porres,266 Samantha Turnpike,939-606-1047,1952-08-02
Anna Mason,35,Male,BF Homes,99256 Pamela Stream,688.341.0341x4131,1990-02-23
Tony Key,41,Male,BF Homes,0513 Leslie Crescent,904.470.8560x940,1984-06-15
Mrs. Ariel Guerrero DDS,100,Female,BF Homes,03145 Nelson Mountains,(275)794-0740,1924-11-01
Willie Cole,61,Female,Merville,998 Smith Forks Apt. 913,(941)264-1060x3267,1963-12-21
Austin Brewer,21,Male,Merville,7631 Christopher Place,+1-654-612-5360x640,2003-08-30
Dylan Meyer,85,Male,Moonwalk,486 Hicks Path Apt. 703,(100)770-1773x7594,1940-03-25
Dakota Branch,69,Male,Merville,8111 Rodriguez Squares,001-600-490-2144x41559,1956-01-18
Darren Hall,74,Female,San Antonio,965 Bentley Forks Apt. 703,001-353-004-9992x6653,1951-05-13
Brian Singh,23,Male,Merville,731 Robinson Port Suite 624,723.858.6539x27687,2002-04-21
Michael Ritter,76,Female,San Antonio,9317 Alexander Bypass,(055)817-3579x21162,1948-12-16
Michael Matthews,76,Male,San Antonio,4646 Lori Place,001-970-145-5703x934,1949-04-20
Michael Hendrix,73,Male,Merville,9255 Cassandra Walk Apt. 509,(600)011-0156,1951-09-04
Ryan Stevens,64,Female,Marcelo Green,9812 Melissa Alley Apt. 882,+1-384-699-0867x2331,1960-08-30
Dennis Martinez,63,Male,Don Bosco,365 Hardy Cliff Apt. 218,+1-220-631-8641,1962-02-09
Mark Burton,8,Male,Merville,23641 Lawson Manors,359.916.7640x32391,2017-05-10
Crystal White,3,Female,BF Homes,82671 Oscar Rapids Apt. 794,+1-995-225-2964x448,2021-11-23
Danielle Dorsey,43,Male,Marcelo Green,868 Monica Crescent Apt. 433,6409805877,1981-09-09
Emily Bailey,44,Male,San Antonio,627 Hickman Center,(591)204-6372,1980-09-21
Stephen Levy,8,Male,Marcelo Green,032 Mario Hills Apt. 802,+1-559-997-7379x395,2017-02-12
Emily Reed,76,Male,Don Bosco,7411 Timothy Forge,(703)862-5676x1125,1949-03-10
Samuel Harris,68,Female,Don Bosco,80563 Julia Pass,001-292-482-8732x107,1957-04-29
Kelly Miller,48,Female,Don Bosco,65485 Ivan Mountains Apt. 019,084.287.4162x796,1977-05-29
Lori Nguyen,44,Female,San Antonio,555 Gabrielle Brook,5108194842,1980-09-26
Christopher Vaughn,18,Male,San Martin de Porres,60722 Marco Drives,001-830-342-4375x3916,2007-06-01
Sarah Castro,82,Female,San Antonio,6316 Salazar Villages,+1-740-330-4544,1942-08-31
Jean Graham,23,Female,Merville,700 Roberts Street Suite 801,176-429-6280x92411,2001-12-24
Robert Pena,86,Male,San Martin de Porres,961 David Villages Apt. 552,001-322-805-8837x743,1938-12-20
Natalie Blevins,40,Female,Marcelo Green,6253 Williams Coves Apt. 152,586-277-8882x60317,1984-11-22
Alicia Young,23,Male,San Martin de Porres,8809 Wilson Plains Suite 142,(935)545-9205,2002-05-20
Kristy Ramos,99,Male,Marcelo Green,9911 Kristen Ramp Apt. 045,627.451.1608x958,1926-03-16
Travis Yates,78,Female,Merville,2213 Nicholas Pike,+1-600-834-7612x898,1947-03-22
Crystal Mcdaniel,82,Male,Sun Valley,6113 Ray Wall Apt. 715,001-603-387-8852x858,1943-07-07
Jennifer Pearson,19,Female,Don Bosco,97630 Deanna Mountains Apt. 794,+1-994-457-4441x076,2006-03-20
Carolyn Simmons,31,Female,San Antonio,543 Mack Village Suite 916,4359839859,1994-05-21
Robert Padilla,22,Male,San Antonio,8578 Sandra Parks Suite 681,(784)340-7307x1776,2002-09-12
Melissa Heath,58,Male,Moonwalk,007 Paul Estate Apt. 338,403-369-9952x85023,1966-09-09
Tonya Spears,27,Male,Don Bosco,3273 Benson Station Suite 149,249.032.2347x714,1998-01-18
Erin Johnson,45,Female,Don Bosco,555 Neal Canyon,(006)174-1364,1979-11-18
Rebecca Elliott,93,Male,BF Homes,1218 Sara Ranch Apt. 270,(507)612-2283x05644,1932-01-16
Heather Lambert,50,Female,San Martin de Porres,5559 Williams Lodge Apt. 560,778.943.3276x3990,1974-11-17
Jennifer Johnson,22,Female,Sun Valley,369 Le Viaduct,(690)222-0975,2002-12-15
Jennifer Ellis,49,Female,San Martin de Porres,7015 Gerald Centers,934.490.7697,1976-07-19
Brian White,13,Female,Merville,333 Joy Estate,001-692-105-3071,2011-10-07
Jason Glenn,21,Female,Don Bosco,83774 Shawn Center,498-578-8728x20632,2003-10-07
Kelly Steele,5,Female,BF Homes,26980 Green Squares,(589)524-7609x60647,2019-10-06
Dawn Velasquez,41,Female,Don Bosco,57378 Neal Mountains Suite 884,7094657770,1984-01-22
Taylor Palmer,10,Female,Marcelo Green,84268 Laura Dale Apt. 616,170-053-7186x056,2015-05-16
Kimberly Smith,49,Male,Don Bosco,66479 Fields Divide,983.124.2853x541,1976-06-27
Albert Ray,71,Male,San Antonio,848 Alexa Alley,001-170-867-1520x771,1954-05-15
Kaitlin Mitchell,77,Female,BF Homes,36895 Harper Mission Apt. 461,+1-051-109-0070x17850,1948-05-15
Jacob Hernandez,56,Male,San Martin de Porres,723 Antonio Bridge Apt. 975,+1-974-753-9659x744,1969-06-25
Hannah Reyes,21,Male,Don Bosco,204 Richard Creek Suite 374,5133793766,2004-05-20
Rachel Franklin,43,Male,Merville,160 Cooper Trafficway Apt. 749,+1-058-496-8814x49908,1981-08-29
Robert Rogers,53,Female,Moonwalk,40574 Rivera Port Suite 324,(352)791-1110x851,1972-03-01
Michael Prince,39,Male,Don Bosco,321 Michael Ports Suite 183,7348002264,1985-10-06
Walter Simpson,7,Female,Sun Valley,55482 Morse Plaza,921-474-9847,2017-12-03
Edward Silva,20,Male,San Antonio,78472 Jose Common Suite 275,+1-045-292-6769,2005-07-30
Mariah Gibson,1,Female,Don Bosco,5445 Stephenson Trace Suite 134,1929360596,2023-10-16
Faith Ritter,38,Female,Merville,6389 Daniel Ville,844-793-6561x156,1987-03-10
Brandy Anderson,13,Male,Merville,70659 Stone Way,316-022-7433x03727,2011-09-02
Madison Martin,22,Female,Don Bosco,5631 David Club Apt. 807,+1-287-806-6154,2002-12-19
Kayla Palmer,61,Male,Moonwalk,56541 Frederick Walk Apt. 521,(886)690-5946,1964-03-22
Lisa Juarez,51,Female,Sun Valley,828 Cole Camp,203-132-9887x12320,1973-10-26
Theresa Mills,85,Female,Don Bosco,77862 Duffy Squares Suite 272,760.320.8778x34710,1940-01-11
Joshua Colon,83,Female,Marcelo Green,557 Matthew Manors Apt. 327,004.535.8597x3027,1941-10-31
Maureen Martinez,48,Female,San Antonio,0424 Kathryn Drives Suite 554,(893)977-0411x67881,1976-12-24
Jennifer Mueller,24,Female,BF Homes,7386 James Branch Suite 484,001-673-322-9124x8955,2001-03-02
Michael Johnson,34,Female,Sun Valley,39459 Haley Manor Suite 076,8953012033,1991-03-18
Melissa Allen,34,Male,Moonwalk,62833 Coleman Road Apt. 581,8015337435,1991-01-10
Carl Rios,73,Male,Marcelo Green,87156 Franklin Shoals Suite 794,(759)599-5505x536,1951-09-28
Lynn Ramos,97,Male,Don Bosco,541 Claudia Estates Suite 252,7882165119,1928-04-07
Anna Collier,86,Female,San Martin de Porres,4452 Linda Canyon Apt. 769,730-882-4035x321,1939-06-08
Willie Humphrey,97,Male,BF Homes,29363 Schneider Underpass Apt. 941,(180)525-7959,1928-03-14
Alexander Buckley,50,Female,Sun Valley,412 Rebecca Islands Suite 601,+1-911-343-4857,1974-09-02
Kyle Jennings,74,Male,Sun Valley,276 Miller Park Apt. 421,001-120-291-3813x01494,1951-03-12
Luke Sampson,39,Male,San Martin de Porres,881 Byrd Hollow,(231)919-9082x133,1985-12-09
Justin Velasquez,92,Male,Marcelo Green,72366 Brown Hills,001-171-038-9191x874,1932-08-20
Sean Rodriguez,16,Female,Marcelo Green,03449 Jordan Park,487-650-7752,2008-12-24
Marissa Hernandez,22,Male,Merville,3160 Eileen Row,110.570.3996x30667,2002-08-15
Kirk Campbell,17,Male,San Martin de Porres,9323 Hannah Circle Apt. 715,009.714.0863x32343,2008-06-29
Paul Morgan,11,Female,Merville,4888 Cindy Run Apt. 375,+1-097-228-5825x854,2013-12-23
Seth Lewis,81,Male,Moonwalk,603 Stone Expressway,001-367-883-8736x93238,1943-08-13
Michael Jenkins,41,Male,Don Bosco,8466 Holmes Street Suite 416,712.063.1755,1984-07-17
Jeremy Ross,50,Female,San Antonio,5840 Daniel Trail,415-728-1436x116,1975-03-04
Brian Hughes,36,Female,BF Homes,61189 Reginald Summit,5554654268,1988-11-10
Paul Buckley,90,Female,Don Bosco,7140 Kelly Union,+1-454-595-6600x30119,1935-01-14
Brenda Crawford,54,Male,Marcelo Green,86974 Hannah Run,001-736-838-5095x7093,1970-11-15
Mike Berry,73,Male,Don Bosco,508 Chad Loop Suite 034,484.377.0062x79595,1952-07-12
Elizabeth White,73,Male,Moonwalk,4966 Carter Village Apt. 756,(752)800-1617,1951-10-25
Joel Bates,69,Female,San Martin de Porres,592 Lawrence Crest Suite 383,(648)971-0017,1955-08-11
Vincent Garcia,34,Female,Sun Valley,576 Joan Garden Apt. 494,+1-414-235-5283,1991-04-12
Christopher Nichols,74,Female,BF Homes,567 Donna Causeway Apt. 656,771-158-8218x708,1951-06-09
Angel Griffith,23,Female,San Martin de Porres,9116 Charles Locks,461-198-3097x542,2002-05-18
Shelley Burns,19,Female,BF Homes,237 Waller Points Suite 700,881.253.2512x1808,2005-10-09
Jennifer Armstrong,51,Female,Merville,666 Eddie Meadows,(383)957-1646x821,1974-06-01
Sandra Lopez,7,Female,Moonwalk,90703 Meyer Circle Suite 693,(070)983-4849,2017-10-06
Melissa Vasquez,48,Male,San Antonio,762 Bailey Walk Suite 445,(572)676-5419x8281,1977-01-27
Mrs. Karen Bell DVM,39,Female,Moonwalk,45220 Samuel Fall,(930)326-4525x7330,1986-04-01
Olivia Duarte,63,Male,Merville,0635 Ryan Junctions Apt. 247,(751)258-3799x0053,1962-01-09
Pamela Burke,18,Female,Sun Valley,27633 Anderson Place,(628)372-3722x593,2006-09-15
Robert Love,100,Female,Moonwalk,89423 Walls Bypass,704.333.3188,1924-10-27
Holly Walters,94,Female,Don Bosco,57804 Robinson Courts,001-851-769-6806,1930-11-29
Michael Parker,25,Female,Merville,57837 Ryan Burgs,327-396-8859x34288,1999-10-28
Laura Walker,53,Female,San Antonio,978 Erica Common Suite 032,985-965-5102,1971-12-13
Jeffrey Mcdowell,8,Male,Don Bosco,067 Veronica Park Suite 714,001-986-328-9591,2017-07-18
Crystal Rogers,40,Female,Marcelo Green,76221 Gomez Trace Suite 374,963.994.9594,1984-08-09
Justin Flores,100,Male,Marcelo Green,5653 Terry Passage Suite 300,(102)736-6325,1925-05-19
Robert Harris,25,Male,BF Homes,34874 Carmen Circles,(601)910-9048x86607,1999-10-26
Nichole Gutierrez,32,Male,Sun Valley,8937 Mendez Roads Suite 176,9093716458,1992-09-17
Gregory Henry,7,Female,Merville,466 Scott Park,387.805.2890,2018-04-20
Jeffrey Hull,36,Female,Sun Valley,378 Singh Mills,988-837-4345,1988-08-23
Jennifer Flores,65,Female,Don Bosco,062 Brown Garden,8996469243,1959-11-30
Crystal King,88,Male,Merville,521 Lori Spur Suite 603,710.880.3546x94660,1937-07-24
Robert Lewis,48,Female,Sun Valley,7476 Diane Common Suite 122,503-965-5868,1977-05-10
Andrea Hart,23,Female,San Antonio,41589 Jason Landing,(866)013-8550,2002-05-31
Carol Morgan,45,Male,Moonwalk,80101 Melissa Valleys Suite 718,580-619-4999,1979-09-21
James Mueller,96,Male,Moonwalk,55191 Martha Ports Suite 871,671.708.0492x93285,1928-08-13
Thomas Garcia MD,4,Female,BF Homes,332 Kathryn Harbors,001-522-094-0037,2021-07-11
Taylor Ruiz,21,Male,Merville,856 Jennifer Glens Apt. 661,262-030-6951,2004-01-20
Michael Jackson,83,Male,Merville,601 Rachel Shores,001-239-933-0255x9879,1942-05-13
Amy French,35,Female,BF Homes,45968 Megan Prairie,001-619-680-4505x211,1989-09-30
Sarah Sparks,100,Male,Sun Valley,164 Shelly Point,001-044-608-1971x40834,1925-01-18
Deborah Knight,17,Male,BF Homes,60958 Robert Curve Suite 456,(983)985-9074x29414,2007-10-01
Mary Roberts,29,Female,Moonwalk,7625 Emily Road Suite 766,+1-195-301-6472x861,1996-02-05
Megan Bennett DDS,92,Female,San Martin de Porres,62976 David Loaf,(286)603-4982x4689,1933-07-29
Rachel Gutierrez,49,Female,Sun Valley,65627 Underwood Hill,2157231252,1975-11-21
Dale Hernandez,33,Male,Sun Valley,08589 Greene Wells Apt. 721,(052)053-5313x184,1991-12-29
Alice Salazar,39,Female,Don Bosco,2322 Adam Corner,(944)314-1408,1986-08-01
Kayla Baker,1,Female,Moonwalk,779 Hannah Hollow,2116823137,2024-04-04
Sharon Santana,39,Male,Sun Valley,100 Hernandez Inlet,(657)896-3558,1986-02-06
Douglas Raymond,9,Female,Moonwalk,63488 James Throughway Suite 254,225-351-1788x2805,2015-08-24
Mrs. Holly Spencer,82,Female,Moonwalk,720 Alexander Mountains,(660)828-8745x87120,1943-04-07
Daniel Sutton,34,Female,Merville,685 Curtis Trail,001-262-107-4144x30106,1990-09-07
Dustin Thomas,20,Male,BF Homes,5744 Jason Ranch Suite 115,334.972.9697,2004-08-18
Paul Francis,77,Female,San Antonio,44997 Rodgers Plains Suite 861,001-888-178-6021x5992,1948-02-16
Claudia Kim,88,Male,BF Homes,274 Stephanie Fords,122.239.5480,1937-08-02
Alexis Hayes,84,Female,Moonwalk,8368 Collins Mountains,001-740-703-6665x6007,1940-12-31
Brenda Bond,34,Female,San Martin de Porres,28219 Michele Parkway,(827)847-2643x93304,1991-05-14
Maria Murillo,50,Male,Merville,206 Keller Locks Apt. 485,123.443.5849,1975-07-14
Mrs. Tracy Barrett DVM,44,Male,Sun Valley,1242 Anthony Loaf Apt. 781,048.364.8116x5955,1981-05-20
Ms. Lori Watson,86,Female,Moonwalk,19379 Sandra Fords Suite 365,001-727-676-8777,1938-12-27
Heather Hansen,22,Male,Moonwalk,41749 Brenda Forges,001-808-842-6723x39907,2003-07-02
Jack Johnson,13,Female,Marcelo Green,13915 Fox Alley,423-647-9214x9901,2011-08-08
Kelly Long,95,Female,Marcelo Green,7904 Matthew Orchard Apt. 806,996.736.7209x610,1930-06-14
Cory White,88,Female,Don Bosco,20586 Pollard Grove Suite 971,+1-557-932-7701x15491,1937-06-26
Megan Harris,29,Female,Merville,609 Romero Lodge,888.610.8597x35867,1996-07-06
Tami Garza,96,Female,San Martin de Porres,364 Stephenson Center,(632)767-6596,1929-06-16
Deborah Cook,43,Female,Moonwalk,669 Fuentes Roads Suite 715,(347)450-2405x377,1981-10-11
Abigail Hardy,75,Female,Sun Valley,3945 Joel Valley Suite 480,001-780-538-3385x69329,1949-09-22
Kyle Turner,16,Female,BF Homes,407 Stephen Centers,150-632-4051x026,2008-12-25
Sheila Hayes,82,Male,Sun Valley,34674 Adams Turnpike Suite 603,273.997.4159,1942-10-02
Michelle Chang,25,Male,San Martin de Porres,01027 Williams Unions Apt. 951,(484)977-9738x3306,1999-09-09
Daniel Morris,68,Female,San Martin de Porres,7893 Johnson Valley Suite 260,(706)875-6707,1956-09-09
Suzanne Weaver,7,Male,Marcelo Green,92361 Ashley Crossroad,774.599.8413,2018-07-26
Kathleen Mcconnell,26,Female,San Martin de Porres,58079 Katherine Road Suite 510,(407)078-3847x84830,1998-11-03
Ryan Bell,73,Female,Marcelo Green,5404 Oliver Neck,(809)031-7883,1952-06-09
Jean Andersen,41,Male,Don Bosco,167 Reese Parkway,440-889-5930x320,1984-02-02
Jacqueline Smith,63,Female,Marcelo Green,69901 Moore Village Apt. 299,+1-966-330-9235x65403,1961-08-18
Marvin Wilson,41,Male,BF Homes,0273 Anthony Drive Suite 318,004-231-8206x82048,1984-07-11
Michael Knight,58,Female,Merville,4847 Rose Knolls,797.398.2455x381,1966-12-30
Kimberly Tucker,98,Male,Marcelo Green,264 Brenda Ways,852-557-6881,1926-12-15
Leslie Sanchez,63,Male,Marcelo Green,695 Green Parkway,615.048.8491x508,1962-03-17
David Russell,79,Female,San Martin de Porres,35076 Reed Knoll Apt. 558,108.227.7547x77745,1946-03-18
Jacqueline Suarez,52,Female,Sun Valley,38724 Timothy Mountains,+1-007-045-5948x496,1973-02-02
Tammy Bruce,50,Male,BF Homes,6239 French Shoals,125.593.5027x6749,1975-05-19
Jaime Martinez,69,Male,San Antonio,72765 Linda Haven,(134)170-0545x583,1956-06-08
Henry Richmond,2,Female,Merville,2168 James Underpass Suite 668,8950491086,2023-05-28
Elaine Miller,3,Male,Merville,5785 Clayton Stravenue,001-793-368-6093,2022-07-11
Michael Johnson,29,Female,Moonwalk,010 Watson Track Apt. 911,532-026-4009,1996-05-08
Michael Young,17,Male,San Martin de Porres,637 Jackson Alley,+1-388-782-1889x38447,2008-02-24
Peter Mejia,65,Female,Marcelo Green,3420 Kerry Squares Apt. 242,001-664-742-6440x4783,1960-05-30
Carol Simpson,9,Male,Moonwalk,3795 Felicia Plaza Suite 744,+1-924-687-1446x939,2016-04-02
Danielle Patrick,38,Female,San Antonio,6423 Smith Drives Suite 908,001-649-666-8118,1986-10-16
Laura Gibbs,56,Male,San Antonio,246 Taylor Center,733.784.0613,1969-02-22
Thomas Mann,63,Female,Merville,8304 Murphy Lights Suite 765,868.005.5126x764,1962-04-12
Kyle Lewis,22,Female,BF Homes,27056 Jonathan Mews Suite 344,(004)218-6747,2003-05-11
Jacob Williams,30,Male,Marcelo Green,91985 Linda Lodge Suite 133,850-814-3229x87663,1994-10-18
Megan Holt,28,Male,Marcelo Green,2338 Aaron Canyon,001-891-700-5229x1845,1997-02-01
Martha Bass,16,Female,BF Homes,659 Matthew Curve Suite 025,+1-961-143-5830x407,2009-02-09
Natalie Diaz,49,Female,BF Homes,61092 Daniel Plaza,001-745-371-4732,1975-08-23
Bradley Martinez,77,Male,Don Bosco,12666 Sanders Cape Apt. 336,655-806-2475,1947-12-13
Jason Bentley,84,Male,BF Homes,367 Douglas Stream,100-568-7069x05711,1940-10-15
Joseph Atkinson,89,Male,San Martin de Porres,932 Michael Underpass Apt. 933,5484951657,1936-06-19
Jeremy Phillips,57,Female,Don Bosco,83024 Randy Greens,(855)190-2041x15488,1967-08-19
Annette Lawson,71,Female,Sun Valley,6533 Harris Freeway,5754370098,1954-07-22
Jared Ewing,90,Male,Merville,7021 Smith Summit,701-259-2833x971,1935-01-28
Sarah Brooks,89,Male,Moonwalk,6975 Michael Court,393.010.5591x6983,1935-11-11
Angel Chapman,54,Male,Moonwalk,7089 Sharp Cape Suite 545,(593)570-7650,1971-03-18
Christopher Smith,80,Male,San Martin de Porres,2271 Robert Trace Apt. 611,+1-680-109-3609,1945-04-16
Donald Armstrong,14,Male,Moonwalk,700 Virginia Parks,001-628-058-7777x014,2011-04-24
Brandi Cruz,15,Male,Sun Valley,19569 Torres Burgs,735.956.9192x2051,2009-10-25
David Pennington,26,Male,Moonwalk,8925 Brandon Knolls Apt. 674,001-867-358-1821x7748,1999-01-28
Diane Hayes,67,Male,San Antonio,9958 Robinson Freeway,(699)971-2520x193,1957-08-30
Stephanie Simmons,91,Female,Moonwalk,67191 Hayden Ports,353.031.3878,1933-10-30
Martin Moreno,21,Male,Sun Valley,3355 Rodney Extension Apt. 294,001-874-781-1282x69934,2004-05-22
Jesse Duncan,27,Female,San Antonio,29317 Dixon Isle,3947505577,1998-05-15
Dr. Blake Turner,31,Male,BF Homes,43453 Wright Square,157-509-2720,1994-04-04
Andrew Cobb,86,Male,Don Bosco,575 Lopez Ridge Suite 339,686-708-8550,1939-01-09
Denise Schroeder,74,Female,Marcelo Green,1010 Thomas Oval Suite 493,(492)101-8188x969,1951-07-20
Margaret Lewis,12,Male,Don Bosco,935 Maddox Islands,848.111.5703,2012-12-01
James Day,33,Male,Sun Valley,2624 Kerr Haven Suite 202,354-692-2394,1991-08-08
Scott Potter II,38,Female,Sun Valley,46609 Whitaker Green Suite 006,3981079516,1986-10-19
Benjamin Chen,7,Male,Marcelo Green,202 Kelly Coves,561.680.9564x1854,2017-09-23
Michael Graham,6,Female,San Antonio,028 Hooper Ranch Apt. 565,+1-179-157-8290,2019-05-07
Oscar Torres,87,Female,San Martin de Porres,19114 Ashley Rest,814-140-1385x699,1937-10-19
Diane Jackson,95,Male,Don Bosco,01201 Turner Canyon Apt. 098,+1-446-988-8665x9481,1930-05-02
Julie Ayers,98,Male,BF Homes,67591 Collins Groves,001-915-321-8011x308,1926-12-07
Claudia Howard,18,Male,San Antonio,42840 Dylan Stream,001-462-671-3202x5342,2006-11-08
Jessica Williams,46,Female,Moonwalk,6042 Denise Roads Suite 667,087-721-0752x4003,1979-06-26
Andrew Moody,94,Male,San Antonio,97247 Melvin Falls,(541)689-3927x63985,1931-05-05
Justin Garcia,44,Male,Don Bosco,936 Tara Road,(786)807-0423,1980-12-21
Joyce Santos,52,Female,Sun Valley,995 Chad Common,001-699-213-5347x0507,1973-07-04
April Mendoza MD,35,Female,Sun Valley,499 Gonzalez Key Suite 686,001-621-380-5951x948,1989-11-23
Diana Jackson,54,Male,Don Bosco,551 Lisa Views Apt. 059,541-963-5110,1971-03-26
Eric Rodriguez,17,Male,Marcelo Green,3659 Sherri Isle,001-041-737-2234x2678,2008-06-07
Sheena Rosario,14,Female,Sun Valley,238 Donald Common,189.935.4752x112,2011-01-25
Theresa Henderson,73,Female,Marcelo Green,11493 Vicki Cove Apt. 886,(306)594-0038,1951-09-13
Alicia Bush,79,Female,San Antonio,510 David Parkway Apt. 414,8170284616,1946-04-10
Kim May,79,Male,Marcelo Green,14999 Atkins Walk,3204347433,1945-12-04
Brian Jenkins,62,Female,Don Bosco,04601 Cristina Creek,135.557.9420,1963-05-13
William Thomas,53,Female,BF Homes,395 Fischer Square,217.618.9898x787,1972-02-13
Nicolas Hardin,9,Female,San Antonio,87712 Catherine Corner,+1-939-720-4873,2015-08-22
Bruce King,2,Male,San Antonio,868 Deanna Turnpike Suite 341,+1-807-964-0315,2023-07-13
Mr. Gary Lee,67,Male,San Martin de Porres,536 Antonio Harbors,933-927-1954x0638,1957-12-06
Stephanie Smith,85,Male,Sun Valley,715 Stephen Shoals,205-555-3544x078,1940-05-08
Jennifer Mcdonald,45,Female,Marcelo Green,210 Stanley Dam,+1-040-947-1124x61757,1980-03-02
Stephanie Ramirez,72,Male,BF Homes,486 Webb Pike,(442)624-4704x98671,1952-09-20
Veronica Shaw,83,Male,Sun Valley,33257 Heather Shoals Suite 307,246.689.9749,1942-06-18
Amy Lewis,64,Male,Don Bosco,3817 Weber Wells,001-899-246-9247x0481,1960-09-16
Melanie Brown,97,Female,San Antonio,3231 Nielsen Spurs Suite 518,275-917-0034,1927-11-08
Julia Gonzalez,31,Female,Moonwalk,6740 Clark Dam,123-115-4111x90206,1993-08-11
David Morales MD,7,Male,San Martin de Porres,52214 Martin Way,(735)384-2561x16159,2018-03-16
Emily Navarro,52,Male,Don Bosco,184 Edwards Mill Suite 826,295.081.4994x02323,1972-12-19
Leslie Petersen,59,Female,Sun Valley,352 Matthew Valley,507.819.7354x4252,1965-11-23
Kara Burns,12,Female,Sun Valley,4964 Austin Meadow Suite 006,6988264862,2013-05-22
Helen Diaz,41,Male,Sun Valley,7938 Leach Way,609-121-0407x2545,1984-05-16
Jeffrey Davis,96,Male,Don Bosco,99324 Johnson Port Apt. 625,+1-174-316-0325x03943,1929-04-25
Katie Schmidt,52,Female,BF Homes,78952 Ronald Turnpike Suite 949,(454)959-5781x27317,1973-05-09
Melanie Roy,72,Male,Don Bosco,1832 Sarah Harbors,2393627617,1953-01-12
Debra Johnson,78,Female,Merville,46551 Frank Lane Apt. 811,5022892074,1947-04-27
Laurie Jackson,84,Female,San Antonio,6774 Jamie Fords,433-732-7839x69215,1940-09-22
Chad Smith,47,Male,Merville,14348 Huber Port Suite 537,557-310-5208,1978-03-15
Ana Chavez,59,Female,Sun Valley,950 Dean Ville,773.129.7341,1966-05-22
Gerald English,92,Female,Sun Valley,759 Alicia Loop,+1-009-072-2087,1932-09-09
Terri Martinez,15,Male,Merville,2395 Barton Curve Apt. 315,+1-987-517-5790x323,2009-08-12
Krista Ryan,1,Female,San Antonio,94175 Gary Underpass Suite 130,7886758755,2024-04-28
Tiffany Smith,82,Female,San Antonio,145 Kenneth Village Suite 236,(946)272-8651x81420,1942-12-04
Tamara Curtis,90,Male,BF Homes,504 Thomas Oval Suite 434,+1-394-166-7407x886,1935-03-13
Sandra Boyle,22,Female,Marcelo Green,574 Susan Corners Apt. 667,+1-264-187-9397x8953,2003-01-30
Benjamin Moore,92,Female,Don Bosco,64598 Sara Green,780.470.4079,1932-10-24
Barry Hicks,33,Male,Merville,6926 Katherine Village Apt. 273,712-567-2123x00857,1992-04-19
Laura French,16,Female,Merville,3242 Rowe Light,0980578369,2008-08-24
Christine Harris,59,Male,San Antonio,36532 Hamilton Plain Suite 997,001-707-060-0746x1433,1966-07-11
Willie Bowers,14,Female,BF Homes,744 Paul Mill,638-762-1577,2011-06-13
Aaron Nguyen,82,Male,Sun Valley,661 Kelly Plains Suite 414,(785)314-1988,1943-02-05
Daniel Scott,59,Male,Sun Valley,22339 David Port,0713204484,1966-07-31
Jennifer Mclean,1,Male,San Martin de Porres,54176 Smith Island Suite 893,001-116-457-6776,2024-08-03
John Hamilton,75,Female,Marcelo Green,7608 Martinez Parkway Suite 296,552-175-0499x8878,1949-09-28
Kathryn Ferrell,89,Male,Marcelo Green,4422 Ryan Spur Suite 069,(987)386-4006,1936-06-12
Eric Valencia,14,Female,San Antonio,90321 Wright Fields Apt. 839,301.118.4065,2010-11-12
Erica Mills,65,Female,San Martin de Porres,2452 Garcia Club Suite 369,457.835.1798x387,1960-05-09
Mary Murphy,78,Male,Moonwalk,9633 Page Summit Suite 417,+1-825-601-9991x6246,1947-08-04
Madeline Fisher,51,Female,Moonwalk,368 Taylor Pine,(179)736-7990x102,1974-04-18
Ruth Snyder MD,58,Male,Marcelo Green,952 Jacob Shore,212.151.9045x624,1967-06-19
Mrs. Melissa Hernandez,53,Female,San Antonio,5663 Carolyn Springs,(082)432-6253x814,1971-08-12
Mason Edwards,92,Male,Merville,42024 Lopez Key Apt. 745,9332809997,1932-08-16
Derrick Turner,27,Female,San Antonio,09077 Elizabeth Extensions,532.773.7655,1997-11-14
Austin Martinez,87,Male,Marcelo Green,3554 Keith Court Apt. 666,539-392-9427,1938-05-08
Charles Jones,65,Female,Don Bosco,134 Dana Port,6279895824,1960-06-17
Colin Bush,98,Female,Sun Valley,99037 Haley Creek,(759)395-5714,1927-06-14
Richard Davis,75,Female,Moonwalk,06591 Adam Harbor,364-364-4432x969,1949-09-12
Christopher Wolf,55,Male,Don Bosco,072 Samantha Mills,(835)278-0878x5710,1970-03-28
Chelsea Christensen,4,Female,Marcelo Green,00900 Lewis Dam,867-754-6586x17284,2021-02-02
Daisy Hill,7,Male,Merville,332 Wilkins Knoll Suite 841,463-517-5735x18517,2018-01-07
Jasmine Padilla,35,Male,Moonwalk,656 Bobby Route Apt. 375,(296)484-2109,1989-10-08
Stephen Nguyen,88,Female,Marcelo Green,5795 Shawn Curve Apt. 766,4142643029,1937-07-01
Joshua Walker,8,Female,Merville,29821 Christine Flats Suite 243,+1-229-501-4962x840,2017-02-01
Megan Contreras,97,Male,San Antonio,90878 Donna Shoals Suite 767,+1-900-782-4466x66948,1927-11-01
Michael Smith,58,Male,Merville,86825 Alyssa Isle Apt. 562,001-726-692-3257,1967-05-19
Katherine Chen,96,Female,Merville,689 Thomas Centers Suite 723,001-344-666-1051x49618,1928-08-25
Dr. Jennifer Shaw,66,Female,BF Homes,887 Joseph Glen Suite 039,(186)956-1344x088,1958-11-03
Cynthia Garcia,49,Female,San Martin de Porres,016 Joseph Manor,001-123-779-3980,1975-09-11
Sherri Moore,88,Female,BF Homes,63185 Anthony Road,(391)523-1336,1937-04-11
Claire Jones,2,Female,Merville,821 Todd Falls,189.672.0129,2022-12-20
Stephanie Fry,80,Female,Merville,775 Strong Square,001-000-191-7653x244,1945-02-28
William Mueller,82,Female,Merville,51547 Graham Crescent Apt. 708,027.282.0400x938,1942-08-10
Kimberly Acosta,100,Male,Moonwalk,912 Gary Light Apt. 059,001-324-183-2527x625,1924-10-03
Amanda Martin,58,Male,Don Bosco,16795 Martin Summit,267.011.6781,1966-09-19
Victoria Mcdonald,24,Male,Don Bosco,290 Luis Isle Apt. 864,001-267-302-2099x41753,2001-04-12
Diane Nunez,49,Male,San Martin de Porres,19841 Elizabeth Burgs Suite 550,485.284.6770x37846,1976-01-29
Amber Smith,36,Female,Marcelo Green,76440 Peck Fort,501-727-2797x32829,1988-08-17
Michael Velez,21,Female,BF Homes,51121 Jonathan Meadow,680.199.0502,2003-12-02
Ernest Jones,43,Female,Marcelo Green,471 Steven Skyway Suite 485,968.863.1240x790,1981-12-04
Kimberly Miller,6,Male,San Antonio,819 Robin Courts,001-456-767-7619x52496,2019-05-20
John Carroll,77,Male,Moonwalk,6451 Berg Mountain,001-022-380-4534x78277,1948-04-18
Scott Chandler,63,Female,Don Bosco,592 Warren Point,358.727.2993x3570,1961-10-09
Dawn Shannon,91,Female,Merville,866 Jennifer Union,464.844.2739x83565,1933-09-26
Lindsey Tran,24,Male,Marcelo Green,762 Thomas Isle Apt. 340,(201)663-3401x4215,2001-01-08
Dawn Barker,54,Female,Don Bosco,63628 White Forge Apt. 570,445-514-3442x1117,1970-12-16
Kenneth Carter,45,Male,Merville,4218 White Road Suite 638,512-911-6479,1979-10-13
Mary Roberts,85,Female,San Antonio,47353 Brooks Rue Apt. 530,7514518347,1940-07-15
Sylvia Hurst,47,Female,Merville,7824 Singh Club,8124643786,1978-08-06
Daniel Williams,97,Female,BF Homes,6066 Wilson Burg,(963)749-1218x7906,1927-12-16
Billy Mejia,15,Female,Sun Valley,59011 Lucas Dam Apt. 160,4027289868,2009-11-03
Ashley Thompson,31,Male,BF Homes,49842 Johnson Mountain Suite 699,+1-784-200-1414x4246,1993-08-12
Courtney Freeman,88,Female,San Martin de Porres,861 Riley Extension,599.475.7637x98293,1936-08-18
Jonathan Andrews,15,Female,Moonwalk,7607 Cortez Courts,5939481504,2010-06-20
Laura Hester,70,Female,BF Homes,0285 Montgomery Lights Suite 096,547.607.5121,1954-08-29
Earl Price,67,Female,Sun Valley,4418 Nancy Curve,594-085-9356x535,1957-10-07
Margaret Ruiz,63,Male,Moonwalk,950 Sharp Mall Suite 573,485.251.2258x4679,1962-07-01
Angela Vasquez,84,Male,San Antonio,27929 Hart Trace Suite 523,+1-674-999-0203x854,1940-08-21
Anthony Baker,66,Male,Don Bosco,9124 Robert Streets,753-851-3976x35294,1959-01-16
Carlos Hamilton,22,Male,Don Bosco,40852 Raymond Gardens,461.189.7873,2003-01-28
Christopher Reyes,27,Male,San Martin de Porres,338 Justin Station Apt. 716,3330854418,1998-04-16
Jason Brock,14,Male,San Martin de Porres,20931 Thomas Plaza Apt. 210,001-367-677-7736,2010-12-17
Joy Collins,83,Male,Marcelo Green,5903 Lam Parkways Apt. 954,511.026.9395,1941-12-29
Rodney Medina,4,Female,San Antonio,33135 Larry Shoal,550.702.6406x26067,2020-11-24
Erica Duarte,5,Male,Don Bosco,8762 Sarah Manor Suite 834,+1-279-730-2940x69572,2019-12-18
Andrew Perez,7,Male,Moonwalk,937 Tate Estates Suite 828,889-199-4951x659,2018-03-21
Michael Silva,72,Male,Merville,4464 Thomas Views Apt. 041,(242)867-8554x701,1953-02-17
Pamela George,34,Female,San Martin de Porres,14670 Rodney Divide Suite 028,001-004-177-0734x603,1990-09-17
Daniel Evans,58,Female,San Martin de Porres,921 Mcclure Keys Suite 527,(428)328-6785x150,1967-01-18
Jeanne Walls,41,Male,San Martin de Porres,5715 Houston Springs,(166)894-0936x36460,1983-12-17
Jacqueline Wilson,87,Male,BF Homes,13395 Joyce Ferry Apt. 451,256.961.9212x69748,1938-06-29
Sherry Riley,83,Male,BF Homes,798 Stevenson Corner Suite 305,(704)369-2259,1942-05-18
David Young,90,Male,San Antonio,74690 Tony Ford,919-863-7085,1935-04-23
Robert Smith,65,Male,Moonwalk,30635 Ruiz Row,001-577-569-4298x4104,1960-07-13
William Johnson,88,Female,Don Bosco,3032 Wang Extensions,001-746-352-3561x188,1937-05-02
Alexandria Sanchez,37,Female,San Martin de Porres,695 Levy Shore,853-111-2817,1988-02-11
Amanda Crosby,51,Male,Sun Valley,6636 Castillo Parkways Apt. 326,984-503-3790x29403,1974-02-13
Gregory Barker,21,Male,Marcelo Green,324 Martinez Spurs,567.195.0305x687,2004-03-09
Richard Martinez,96,Female,Moonwalk,2494 Vincent Estate Apt. 882,1514977764,1929-03-18
James Miller,82,Male,Moonwalk,6528 Susan Squares Suite 195,+1-490-294-8494x34577,1943-06-26
Jennifer Foster,87,Female,BF Homes,865 Smith Street,9159567832,1937-10-26
Marilyn Figueroa,71,Male,Don Bosco,360 Beth Haven Apt. 270,(618)536-0878x07202,1953-08-18
Stephanie House,6,Male,San Martin de Porres,811 Alexander Ports,+1-667-637-2037x344,2019-02-18
Steven Ward,69,Male,Moonwalk,71905 Hopkins Islands Suite 439,(770)546-7393x16490,1956-03-23
Wendy Nelson,27,Female,Merville,873 Kari Path Suite 810,(531)292-6625,1997-11-20
Dr. Stephanie Parks,53,Male,Marcelo Green,040 Kimberly Lights Apt. 597,001-000-190-0738x85467,1972-07-28
Crystal Parker,24,Male,Moonwalk,3693 Angela Harbor Apt. 319,596.718.3213x05428,2001-04-11
Ricky Thompson,25,Male,Marcelo Green,19035 Heath Bridge,001-429-412-5979,2000-04-05
Leah Chandler,86,Male,Sun Valley,38876 Price Meadows,6289513403,1939-03-14
Valerie Pierce,83,Male,Moonwalk,4308 William Lodge Apt. 293,+1-970-266-3820x7154,1942-03-12
Gabriel Walker,86,Male,Moonwalk,78605 Calderon Lodge,719.288.9203x028,1939-01-26
Jeffrey Johnson,13,Male,Sun Valley,03606 Burns Orchard,924-972-6557,2011-08-31
Jared Johnston,43,Female,Marcelo Green,4514 Perez Knolls Apt. 574,882-526-9901x8511,1982-06-21
Noah Alvarez,86,Male,Don Bosco,85157 Mitchell Manor,050.680.9838x3193,1938-11-15
Michael Thompson,37,Male,Merville,8603 Francis Key Suite 333,001-892-349-5245x70515,1988-07-07
Gabrielle Ruiz,41,Female,Sun Valley,3880 Linda Grove,+1-271-618-6286x97476,1984-05-13
Tiffany Bright,43,Female,Marcelo Green,38547 Goodwin Square Apt. 681,001-319-229-4123,1981-09-30
Melissa Camacho,73,Female,San Antonio,53941 Hill Land Suite 189,(588)314-0035,1952-01-10
Dale Melendez,55,Male,BF Homes,7354 Kyle Mission,001-865-716-8962,1969-09-11
Richard Leon,41,Male,Merville,628 Solomon Island,(434)760-8823x0925,1984-03-05
Joseph Moody,92,Female,Moonwalk,7363 Randy Gardens Apt. 846,1726280336,1932-12-06
Kaylee Patrick,47,Male,San Antonio,9116 Jonathan Run Apt. 031,1663662284,1977-12-25
Elizabeth Roberts,62,Female,Sun Valley,579 Hernandez Ports,(110)848-6106x600,1962-10-16
Stephanie Phillips,46,Female,Sun Valley,174 Gonzalez Village,+1-916-244-1066x7884,1978-12-09
Dr. Connie Carey,71,Male,Marcelo Green,5024 Penny Trail,935.440.7110x72985,1953-08-16
Matthew Johnson,83,Male,Moonwalk,066 Davis Plains Suite 333,001-171-479-5541x29824,1942-05-26
Cassandra Smith,18,Male,Moonwalk,815 Brandon Radial,+1-521-768-0126x96250,2007-07-03
Anthony Doyle,94,Male,Don Bosco,9139 Allen Gateway,001-250-274-9623x838,1930-11-24
Peter Huynh,3,Male,San Martin de Porres,6543 Moore Street,+1-580-330-8641,2021-11-26
Mary Gallegos,99,Male,BF Homes,505 Karen Groves,+1-871-590-5182x37721,1925-08-30
Karen Roberts,71,Female,Sun Valley,391 Thomas Oval Suite 003,001-456-884-8657x374,1954-06-06
James Bennett,84,Male,San Antonio,2366 Katrina Vista,412.081.8036x8938,1941-04-12
Ryan Anderson,51,Male,Moonwalk,43935 Richard Dam Suite 957,526.684.8031x636,1974-02-05
Julia Hernandez,18,Female,Don Bosco,53764 Chelsea Passage,930.395.3952,2007-05-21
Sarah Williams,51,Female,BF Homes,29873 Bush Burgs Apt. 149,+1-747-547-3770x499,1973-08-22
Jennifer Ferguson,85,Male,Marcelo Green,6597 Hall Lights Apt. 034,5736891080,1939-11-28
Michele Crawford,97,Male,Sun Valley,9430 Foley Estates Apt. 887,+1-716-991-6587x23634,1928-05-29
Andrew Medina,21,Male,Marcelo Green,8671 Paul Valleys Suite 281,+1-291-278-9885,2004-07-26
Deanna Moses,95,Female,San Antonio,608 Garcia Square,(855)373-0437x631,1930-02-28
Keith Maddox,6,Male,Sun Valley,1694 Kelley Vista,440-004-0756,2018-08-24
Raymond Cooley,30,Male,Moonwalk,640 Mack Rest,296.822.8854x2734,1994-11-15
Michelle Johnston PhD,48,Male,BF Homes,1973 Russell View,475-878-3710x53925,1977-04-15
Amy Jordan,86,Male,San Antonio,1853 Smith Roads Apt. 743,001-040-256-0041x316,1939-04-28
Johnny Bell,50,Female,Sun Valley,71279 Garcia Meadows Apt. 506,001-427-299-0438x81767,1975-01-08
Sean Charles,6,Male,San Antonio,25431 Bowman Fort Apt. 584,(472)560-4678x20369,2018-08-15
Terry Flores,14,Female,Moonwalk,26134 Jacqueline Ways Suite 312,(066)766-5405,2010-11-05
Cassandra Moore,75,Male,San Martin de Porres,694 Matthew Squares,(861)780-5813,1950-02-24
Gary Walker,84,Female,San Antonio,67886 Kelly Village,(261)510-7055x705,1940-10-06
Jacqueline Hart,76,Male,Moonwalk,4123 Hebert Radial Suite 258,(926)356-0062x5515,1948-09-09
Dr. Kevin Campos,49,Male,San Martin de Porres,93784 Robinson Village Apt. 734,001-458-019-7621x34616,1975-11-22
Angela Hernandez,46,Female,Sun Valley,3222 Leach Trail Suite 081,1481297198,1979-03-02
Raymond Peters,62,Male,Marcelo Green,74812 Robertson Oval Apt. 008,5889905808,1962-09-22
Corey Campbell,57,Male,Merville,0810 Bennett Station,586.990.2131,1967-09-13
Jason Turner,10,Female,Merville,12467 Parsons Divide,125.983.6207x49884,2015-03-22
Misty George,20,Male,Marcelo Green,0920 Jeffrey Stream,656-571-6657x813,2004-08-15
Kenneth Reed,47,Male,Merville,3896 Banks Locks,508-629-5322x307,1977-10-03
Stephanie Werner DDS,54,Female,Don Bosco,4126 Patricia Skyway Suite 574,861-805-8393x40835,1970-11-20
Tammy Pittman,62,Female,Sun Valley,859 Bridget Bridge Suite 965,(932)596-2762x2368,1962-11-06
Christopher Peterson,27,Male,San Martin de Porres,83995 Walters Mountains Apt. 228,1771062945,1998-07-09
Brandi Hughes,3,Male,BF Homes,7353 Davis Villages Suite 391,3231866790,2022-07-18
Mark Moyer,17,Male,Marcelo Green,7201 Dorothy Circle Suite 083,437.826.0187x77953,2007-10-19
Nicole Campbell,81,Male,Marcelo Green,3939 Dennis Crossroad,(777)277-4575x021,1944-04-18
Kelly Cooper,8,Male,Moonwalk,48460 Jennifer Field,396.878.8420x47598,2016-11-10
Jonathan Wheeler,24,Female,BF Homes,0693 Alicia Garden Apt. 025,616-794-6778x1898,2001-06-08
Mitchell Francis,93,Female,Don Bosco,95945 Janet Circles,857-235-0194,1932-02-01
John Henderson,28,Female,Sun Valley,389 Ware Knoll Suite 997,+1-791-782-2008x10014,1996-10-15
Jennifer Butler,62,Male,Merville,2515 Morris Junctions,490-967-1080,1962-08-08
Lynn Gomez,53,Male,Marcelo Green,42274 Henderson Squares Apt. 948,051.719.7251,1971-10-15
Sharon Scott,80,Female,Marcelo Green,3675 Frazier Parks,342.658.7503x104,1945-05-09
Jessica Davis,93,Female,Sun Valley,7128 Stephanie Loop,990-746-6697,1932-06-25
Karen Leon,77,Male,Merville,1243 Price Parkway,+1-303-253-6952x55876,1948-02-13
Nicholas Wells,49,Female,Marcelo Green,072 Denise Hills,646.126.1499x363,1975-09-17
Jennifer Valencia,14,Male,Merville,6443 Brandy Circles Suite 663,0636210516,2010-11-15
Jordan Berg,67,Female,Marcelo Green,8113 Hubbard Terrace,739.652.7295,1958-03-20
Jenna Murray,78,Male,Marcelo Green,5489 Thomas Falls,001-996-991-5482x700,1947-04-19
David Parsons,61,Male,Don Bosco,26893 Ochoa Manor,2136884157,1964-02-10
Chad Lawson,12,Female,Marcelo Green,425 Jennifer Knoll,(176)558-9223x55285,2013-03-11
Alexander Mcneil MD,78,Male,San Martin de Porres,228 Charlene Fork,528.789.7153,1946-12-21
Linda Ortiz,67,Female,San Antonio,68474 Hill Lake Suite 072,310.185.0880x87564,1958-06-21
Heather Johnson,6,Female,Merville,105 Daniel Points Suite 797,476-193-7886x636,2019-06-08
Jasmine Rivera,62,Female,San Antonio,47749 Dickson Flat,922.628.1915x0237,1962-11-27
Stephen Jimenez,76,Male,San Martin de Porres,0521 Smith Roads Apt. 472,001-609-796-2914x59773,1949-01-13
Kenneth Potter,18,Female,Sun Valley,198 Scott Hills Suite 366,(397)885-8748x955,2007-01-29
Brian Welch,99,Male,Don Bosco,4961 Sanchez Port Suite 257,777-437-2123x848,1926-01-30
James Briggs,37,Female,Moonwalk,987 Brooks Ramp,+1-832-290-0059x05451,1988-01-24
Frank Diaz,25,Male,BF Homes,9193 Turner Ferry,627-123-9330x6533,1999-12-29
Chloe Reeves,74,Male,BF Homes,9809 Bright Estate Apt. 196,8787578827,1950-10-19
Todd Wright,49,Male,San Antonio,3983 Bruce Loop Apt. 979,855.004.4507x2962,1976-03-30
Monica Arellano,53,Female,Don Bosco,107 Jennifer Spurs,(652)782-5463,1971-08-13
Eric Miller,20,Female,Moonwalk,7117 Flores Prairie Suite 245,+1-198-708-8407,2004-12-12
Pamela Vazquez,34,Female,San Antonio,3659 Thomas Pike,950.705.1306,1991-03-30
Christopher Chan,79,Female,San Martin de Porres,6838 Harrington Views,(785)379-8214,1946-05-15
Emily Walker,97,Male,San Martin de Porres,3063 Maria Pines,(830)684-8368x167,1927-10-08
James Rogers,71,Female,Marcelo Green,67755 Cole Gardens Suite 410,772-504-0258x98810,1954-04-07
Erica Nguyen,48,Female,Moonwalk,35784 Mueller Roads Apt. 080,(410)415-0749,1976-11-10
James Mills,40,Female,San Martin de Porres,1155 Costa Corners,404.750.0045,1985-03-09
Travis Spencer,95,Male,Don Bosco,70699 Sara Lights,949-356-5803x6383,1930-01-10
Charles Martin,96,Male,Sun Valley,8170 Joe Circles Suite 244,+1-966-390-0045x3980,1928-11-21
Shelley Ramsey,90,Male,Don Bosco,2514 Grace Lane Apt. 709,001-873-170-9816,1935-01-11
Susan Garcia,28,Female,San Antonio,84691 Andrea Lakes,1645466257,1996-11-04
Sean Robinson,71,Male,Marcelo Green,76987 Jackson Way,(957)947-4508,1953-08-30
Maria Jensen,50,Male,Don Bosco,73315 Davis Manors Apt. 426,447-165-0441,1974-12-28
Dean Schmitt,19,Female,San Martin de Porres,694 Scott Shoals,+1-913-780-4987x62093,2006-06-17
Cheryl Wright,12,Male,Moonwalk,2427 Smith Unions Suite 414,(440)261-3534x25556,2012-09-09
Briana Duffy,29,Female,Don Bosco,38415 Jones Branch,001-542-527-5056,1996-07-22
Margaret Dixon,78,Male,San Martin de Porres,820 Moore Cliffs Apt. 633,029-378-1326x7273,1946-11-09
Jason Cole,52,Female,BF Homes,4695 Beverly Vista Suite 687,+1-749-294-4993x1367,1972-12-19
Kathleen Mcneil,100,Male,Sun Valley,8490 Hall Run Suite 783,001-203-161-3177x90534,1924-08-23
Kristen Ferguson,57,Male,Merville,15180 Raymond Harbors,+1-023-628-0193,1968-02-17
Melissa Rocha,85,Female,Merville,11543 Stephens Court Suite 734,591-066-0862,1939-11-06
Heather Roberts,5,Male,Marcelo Green,62247 Duane Junction,826-135-0621,2019-08-30
Amanda Morris,87,Male,San Antonio,970 Taylor Ridges Apt. 099,526.866.5083x6816,1938-03-11
Megan Martin,31,Male,Marcelo Green,73730 Miller Harbors Apt. 903,+1-092-005-6260x702,1994-04-17
Katherine Palmer,12,Female,San Martin de Porres,798 Bryan Extension Suite 381,229-322-9725x40149,2013-04-24
Danielle Sutton,46,Female,San Martin de Porres,5431 Cobb Lake Suite 780,7924636698,1978-11-09
Gregory Spence,76,Male,BF Homes,045 Amber Lake Apt. 077,9903172113,1949-05-31
Kevin Mason,95,Male,Don Bosco,33156 Baker Crescent Apt. 146,1933520622,1930-06-17
Amy Bradley,71,Female,San Antonio,4266 Jerry Light,408-231-0171,1954-05-02
Lance Perkins,45,Female,Merville,4051 Johnson Cliffs Apt. 056,001-735-263-5951x76352,1979-11-17
Matthew Johnson,78,Male,Sun Valley,671 Randy Islands,001-602-492-3577x7414,1947-03-20
John Jimenez,52,Male,Moonwalk,27997 Martin Crossing,878-989-1683x17151,1972-09-12
Christopher Baker,23,Female,Don Bosco,8454 Gonzales Club,+1-371-741-9066x95450,2002-03-05
Patrick Smith,72,Male,Moonwalk,11761 Johnson Cove Apt. 011,+1-273-831-8172x03579,1953-01-01
Ryan Green,44,Male,Moonwalk,91542 Sharp Station,824.116.4342x411,1980-11-13
Kara Rich,69,Female,Sun Valley,2482 Jeremy Ville Apt. 642,001-116-846-0389x5159,1955-10-03
Thomas Henderson,49,Female,Merville,17464 Lopez Fort Apt. 649,060-541-1371x34631,1976-05-26
Theresa Daniels,97,Female,Sun Valley,786 Chavez Lane,1883041544,1928-02-12
Jonathan Young,88,Female,BF Homes,9736 Johnson Shores,(852)531-7504x09370,1936-09-08
Ashley Murphy,62,Male,Moonwalk,974 Joan Knolls Apt. 905,001-509-579-2818x4726,1963-01-08
Jennifer Harris,9,Female,Merville,1611 Hensley Camp,001-627-890-8806x831,2016-05-28
Tyler Underwood,87,Male,San Antonio,592 Kimberly Estates Apt. 312,677-250-3856x16271,1937-11-16
Douglas Thompson,53,Female,BF Homes,23573 Roy Falls Apt. 420,+1-420-793-7415x871,1972-04-02
Donna Peterson,90,Female,Merville,253 Michelle Ports Suite 587,993.642.7379x5723,1935-02-25
Ariana Woodward,37,Male,San Martin de Porres,92135 Curtis Roads,330-107-5350,1987-10-15
Jennifer Ray,87,Female,Don Bosco,123 Mackenzie Crossroad Apt. 320,+1-738-570-9439,1938-06-25
Danielle Smith,71,Male,Sun Valley,783 Williamson Crossing Apt. 168,(260)809-9371,1953-12-29
David Schaefer,41,Female,Merville,9883 James Route Suite 738,133-704-9462,1983-12-03
Emily Johnson,74,Female,Marcelo Green,05355 Melissa Greens Apt. 180,+1-829-385-0284x77982,1950-12-17
Nancy Robinson,96,Male,Sun Valley,6415 Javier Bypass,066.670.6331x191,1929-05-13
Brandon Garcia,95,Male,Merville,3093 Harris Crescent Apt. 403,791.703.7930x6189,1929-09-29
Stephanie Mitchell,95,Male,Moonwalk,207 Lindsay Lock Apt. 474,(468)473-2550,1930-06-01
Gary Taylor,27,Male,Merville,3679 David Via,209.578.9035x508,1997-09-14
Nicole Clarke,32,Female,Marcelo Green,445 Murphy Squares Suite 817,420-540-5155x674,1992-08-10
Carrie Wilson,100,Male,Don Bosco,759 Austin Burg Apt. 341,058-067-0914x4654,1925-02-24
William Smith,11,Female,BF Homes,04645 Hanson Lights Apt. 487,(256)048-9924x662,2013-12-07
Antonio Burch,98,Male,Sun Valley,795 Christopher Parkways,216-525-0815,1927-03-14
Alexander Allen,48,Female,Sun Valley,71741 Sutton Orchard Suite 631,+1-032-319-7670x2546,1976-09-14
David Carter,74,Female,Sun Valley,645 John Inlet Apt. 832,113.724.4792x97591,1951-05-12
Suzanne Evans,24,Female,San Martin de Porres,09465 Prince Freeway Apt. 488,807.376.7649x7378,2000-08-24
Donald Hernandez,29,Male,BF Homes,187 Rodney Vista,+1-974-767-6660,1996-05-01
Leah Guzman,68,Female,Sun Valley,64259 Daniel Mews Suite 085,(759)105-6396x70447,1957-02-08
Sydney Gamble,70,Male,San Antonio,57702 Ferrell Summit Apt. 155,494-099-8575x2563,1955-02-13
Terrence Peck,51,Male,Sun Valley,5576 Clark Views Suite 420,001-509-530-7277x282,1974-02-07
Gabriel Romero,16,Female,San Antonio,89426 Johnson Lodge Suite 980,+1-276-448-2943x5007,2009-03-29
Rebecca Reynolds,89,Male,BF Homes,7784 Joshua Coves,(491)916-3695x07259,1935-10-14
Brett Obrien,87,Male,San Martin de Porres,9780 Weber Divide Apt. 070,8133490237,1937-12-01
Ronald Reynolds,75,Male,San Antonio,9418 Christopher Light,+1-959-911-2946x40311,1950-03-05
Joel Greene,47,Female,Marcelo Green,6595 Tiffany Shoal,(033)905-9666,1978-04-14
Brittany Berry,71,Female,Merville,83754 Alyssa Hills Suite 377,485.030.2772,1954-04-29
Whitney Johnston,35,Female,San Antonio,2505 Gonzalez Manors,992.448.3726x877,1990-03-23
Morgan Hobbs,47,Male,Sun Valley,128 Ramos Parkways Suite 747,+1-691-040-7629,1977-12-31
Tina James,55,Male,San Martin de Porres,415 Robinson Shores,020.404.1071x91294,1969-11-11
Danielle Brown,90,Female,San Antonio,5781 Oliver Forges,(501)935-3110x158,1934-12-02
Jeremy Perez,52,Female,Sun Valley,70017 Bradley Course,560.730.2173x733,1973-06-26
Roberta Hopkins,24,Male,Merville,14926 Chase Union,+1-922-400-6138,2001-01-02
Ryan Watkins,13,Female,Merville,25143 Daniels Canyon Suite 711,+1-004-501-5311,2012-03-16
Lisa Pruitt,72,Female,San Martin de Porres,27693 Hogan Throughway Suite 796,(054)856-2575x04224,1953-01-09
Nicole Hughes,26,Male,Marcelo Green,861 Morgan Green Apt. 827,001-711-488-1605x80197,1999-04-24
Erin Lozano,61,Male,Marcelo Green,267 Jefferson Islands,4441442942,1964-05-23
Richard Smith,54,Female,Marcelo Green,501 Fuentes Forks,862.684.9704x241,1971-01-13
Mary Wilson,81,Female,Sun Valley,76817 Bradley Place,436-597-2397,1944-01-06
Brian Williams,39,Female,BF Homes,71500 Reynolds Common Suite 518,0778428455,1986-01-31
Joseph Patterson,51,Male,Marcelo Green,0667 Hailey Rapids Apt. 283,914-309-2152x7259,1974-02-11
Christina Mckay,8,Male,Moonwalk,0891 Gloria Cape Suite 994,769-880-1225x6208,2016-10-29
Patrick Heath,61,Male,Sun Valley,57016 Jennifer Street,+1-637-035-5959x1516,1964-01-24
Nicole Graham,96,Female,Moonwalk,96586 Paul Center Apt. 536,732.092.2545x08069,1928-11-19
Jeffrey Owen,47,Female,Moonwalk,87183 Mcclain Throughway Apt. 006,(584)843-9300x4603,1978-05-06
Sara Klein,45,Male,San Martin de Porres,897 Patrick Port,+1-375-904-4790x58304,1980-02-05
John Moreno,16,Female,Merville,76451 Adam Trafficway,5019857547,2008-10-27
Katie Smith,74,Male,Moonwalk,74062 Walter Tunnel Apt. 725,320-528-5155x01352,1950-11-13
Brandon Kim,46,Female,Sun Valley,505 Jared Way Apt. 841,051.412.0074x04515,1979-01-20
Suzanne Lewis,100,Female,Don Bosco,6926 West Pass,930.925.2390x605,1925-01-14
Robert Gonzales,49,Female,Sun Valley,1373 Gilbert Dam,+1-581-936-6943x6436,1975-12-20
Chloe Barrett,81,Male,Marcelo Green,945 Arnold Crest Suite 089,146-318-7989x76330,1943-09-25
Douglas Cochran,82,Female,San Martin de Porres,38831 Smith Drive,092-704-0043x86668,1942-12-02
Robert Pearson,81,Female,Don Bosco,27578 Farley Flats Suite 805,738.088.2330,1944-03-13
Brandon Robles,11,Male,San Antonio,7707 Garcia Square,(210)986-3678x2816,2014-03-06
Jasmine Smith,30,Female,San Antonio,812 Chapman Inlet Apt. 528,+1-465-806-8179x22419,1995-03-31
Wendy Ramos,84,Female,Moonwalk,08083 Hansen Avenue,+1-854-487-8904x833,1940-11-14
Robert Ryan,78,Female,Moonwalk,260 Craig Cliff Apt. 666,059-974-3087x8037,1947-02-26
William Parsons,57,Female,Sun Valley,1268 Johnson Common,578-137-3142x17562,1967-11-19
Mr. Vincent King,53,Male,Marcelo Green,78273 Michael Way,+1-766-208-4078x464,1972-07-20
Brian Ramos,3,Male,Merville,6219 Dixon Island Suite 525,424-586-6729x29907,2021-10-08
Nathan Kennedy,85,Female,Don Bosco,60154 Jeremy Estates Suite 386,+1-883-392-3898x62254,1940-01-18
Nancy Lopez,27,Male,San Martin de Porres,1035 Watson Grove Apt. 843,149.262.7350x6001,1997-10-03
Jennifer Mitchell,14,Male,Don Bosco,096 Justin Tunnel Apt. 910,9166595454,2011-08-05
Amanda Davis,61,Male,BF Homes,2742 Rhonda Island Apt. 258,001-873-073-2166,1963-12-30
Stephanie Hudson,99,Female,Don Bosco,70861 Lisa Course,402.500.6422,1926-02-01
Susan Scott MD,14,Female,Marcelo Green,652 Nunez Knolls Apt. 534,741.160.2859x5388,2011-05-14
Mr. Mark Hoffman DVM,11,Female,Moonwalk,41552 Kathryn Causeway,643-032-9774,2013-11-29
Donna Perez,30,Male,Moonwalk,457 Fry Parks,001-404-772-4649x728,1994-10-27
Elizabeth Hart,57,Male,Marcelo Green,7100 Hansen Highway,(982)993-1642,1967-09-23
Cameron Kelly,68,Male,BF Homes,702 Black Cliffs Apt. 557,001-991-584-3456,1956-12-21
Marie Mcknight,5,Female,San Antonio,3440 Holt Passage,001-063-139-5943x57845,2020-04-03
John Shea,61,Female,Moonwalk,82111 Phillip Route,(181)544-7889,1963-10-30
Madison Bryant,71,Female,Marcelo Green,50709 Arroyo Stravenue Apt. 626,+1-327-624-3265x72079,1954-02-26
Parker Williams,90,Male,Sun Valley,9877 Martin Run,999.636.9184,1934-12-25
Brian Shelton,81,Female,Moonwalk,579 Alison Locks,(901)651-5995,1943-10-10
Mr. Samuel Daniels,45,Female,Merville,55333 Theresa Mission Apt. 134,561.961.7650x2100,1980-06-07
Jonathan Coleman,12,Female,Moonwalk,700 Martinez Crossroad Suite 380,+1-631-905-3769x3287,2013-04-10
Samantha Jackson,47,Female,Moonwalk,6226 Stewart Corners Apt. 524,001-387-207-5793x14449,1977-11-18
Rebecca Wheeler,20,Female,BF Homes,459 Thompson Greens Apt. 840,001-277-157-3685,2004-08-09
Amy Craig,1,Male,San Antonio,1103 Denise Mews,207.591.4456x619,2024-01-12
Monica Parks,37,Female,BF Homes,50434 Kayla Alley,(655)764-7566,1987-12-25
Sonya Hardy,89,Female,Sun Valley,4105 Ryan Islands Apt. 233,9462147061,1936-06-27
Roy Robinson,39,Male,San Martin de Porres,05342 Stephanie Station Apt. 629,096.150.7106,1986-01-08
Larry Robinson,38,Male,BF Homes,59041 Steve Ville Suite 796,+1-319-946-7099x60874,1987-04-03
Benjamin Hernandez,71,Female,Merville,87884 Chavez Port,+1-882-437-5968,1954-05-21
Michael Davies,53,Female,San Martin de Porres,8230 Ashley Mill Apt. 547,950-133-6721x15678,1971-09-01
Joseph Escobar,32,Male,San Martin de Porres,6491 Shannon Manor,094-231-5963x78131,1993-07-15
Lisa Diaz,49,Male,Moonwalk,369 Anthony Mill,+1-046-449-4058x151,1976-03-28
Lisa Velez,11,Female,Merville,911 Ryan Ville Apt. 098,(068)144-1666x11772,2014-06-27
Carla Smith,67,Female,Moonwalk,80585 Joshua Springs Apt. 497,957.240.0303x1518,1958-07-08
Jermaine Lawrence,84,Female,San Martin de Porres,24947 Baker Courts Suite 958,251.990.1026,1940-11-05
Timothy Conley,25,Male,Marcelo Green,7708 Ray Vista,+1-268-239-5543x44821,1999-11-08
April Martinez,18,Female,Don Bosco,6941 Berg Cove Apt. 985,(323)750-8397x317,2006-12-09
Robyn Hernandez,82,Female,Sun Valley,43421 Ashley Union,001-796-562-8073x3500,1943-01-17
Shannon Nguyen,35,Female,Merville,804 Christie Highway Apt. 782,625.587.2937x06258,1990-02-02
Jamie Mills,42,Male,Marcelo Green,8226 Katelyn Squares Apt. 675,1153270341,1983-06-25
Donna Hahn,7,Male,Marcelo Green,6886 Jill Corners Apt. 799,+1-708-053-8289,2018-03-08
Angela Thompson,14,Female,Moonwalk,396 Chavez Summit,(376)445-1256x222,2010-08-11
Sherri Harris,17,Female,BF Homes,4429 Martinez Path Apt. 718,+1-606-993-9945x10683,2008-02-24
Lisa Jones,30,Male,Marcelo Green,860 Benson Oval,571.036.3056x95625,1995-04-07
Kevin Austin,2,Female,Merville,35288 Erica Plaza,860.811.0714x92360,2022-11-09
Jennifer Johnson,44,Female,Moonwalk,844 Clark Village Suite 213,(677)638-3191,1981-04-29
Amy Torres,64,Female,Sun Valley,309 Hudson Oval Suite 684,(181)801-8747,1960-10-10
Michelle Schwartz,90,Male,San Antonio,12659 Parker Avenue,023.121.7817,1935-06-08
Elizabeth Warner,11,Male,BF Homes,5888 Monique Place,920-630-4165x27261,2014-03-09
Ashley Andrews,35,Female,Don Bosco,00179 Katherine Circles,622.380.1370,1989-10-14
Keith Clay,70,Female,Marcelo Green,401 Price Loaf,360-772-7204,1954-12-26
Micheal Blanchard,25,Female,San Martin de Porres,3533 Michael Creek,(262)510-4946x1730,2000-07-13
Mary Patrick,2,Male,Merville,33209 Ramos Centers Apt. 407,135-966-5339x0363,2023-04-20
Dr. Heidi Ramirez,50,Female,Merville,195 Jacqueline Burgs,+1-416-267-5014,1975-01-21
Mariah Adams,95,Male,Merville,03945 Dixon Spring Suite 642,1819023201,1929-12-30
Ashley Boyd,59,Male,Merville,0917 Johnson Junctions,926-775-0461,1966-07-16
Christopher Thomas,61,Female,Moonwalk,96568 Mueller Expressway Apt. 204,+1-710-365-3476,1964-05-25
David Glover,42,Male,BF Homes,97453 Michelle Lakes Suite 508,0290695473,1982-12-07
Thomas Taylor,96,Male,Moonwalk,294 Robert Course Apt. 909,245.081.4647x02360,1929-01-24
John Mueller,62,Female,Merville,25255 Donna Common,417.622.8095,1962-12-01
Katherine Adams,47,Male,Merville,63790 Wise Grove,+1-281-739-3396,1978-04-04
Ashley Hodges,15,Male,San Martin de Porres,656 Derrick Circle,(464)676-4785x6250,2010-03-10
Harry Garner,42,Male,Marcelo Green,439 Michael Bridge,001-928-610-2855,1983-05-30
Danielle Rice,36,Male,San Martin de Porres,5203 Sheila Spring,001-865-918-1980x5283,1989-06-17
Zoe Williams,32,Male,BF Homes,06730 Lisa Forks Suite 016,+1-776-921-9105x0719,1993-01-31
Hector Washington,75,Female,Marcelo Green,4069 Pamela Gateway Suite 673,+1-431-556-7695,1950-03-27
Lori Hart,48,Male,Merville,632 Robinson Greens,703.919.0566,1977-05-31
Robert Rodriguez,21,Female,Don Bosco,34307 Holmes Walks Apt. 298,681.605.1917x024,2003-10-18
Jessica Allen,88,Female,BF Homes,373 Carlos Club Suite 341,571.682.6111,1937-05-21
Mrs. Tammy Jackson MD,8,Female,Marcelo Green,8735 Martinez Views Suite 564,311.688.5926x637,2017-04-11
Alexis Oneill,90,Male,Marcelo Green,83014 Wells Street Apt. 656,8804189024,1934-11-25
Renee Lopez,63,Male,San Antonio,1734 Johnson Valleys,+1-736-314-9318,1961-09-09
Thomas Hines,72,Female,Sun Valley,045 Debra Alley,001-834-911-6476x49273,1953-03-12
Jennifer Patrick,94,Male,BF Homes,72278 Angela Lakes,(392)588-3021x367,1930-08-31
Matthew Sanchez,89,Female,San Antonio,78760 William Inlet Apt. 726,001-488-105-0391x678,1935-09-04
Jorge Sanchez,93,Male,Moonwalk,859 Shelly Centers,001-822-781-4695x39536,1932-03-23
Brittany Potts,6,Female,Sun Valley,72486 Michelle Corner,623-067-8019x46701,2018-11-22
Angela Hernandez,72,Female,Sun Valley,4712 Vanessa Flats,001-624-874-8562x37886,1953-05-06
Timothy Pratt,25,Male,San Antonio,7606 Cheryl Run,+1-513-689-9065x74169,2000-03-07
Daniel Barron,42,Female,Moonwalk,337 Butler Corner Suite 535,777.859.2945x8361,1983-03-03
Tanya Palmer,77,Male,Don Bosco,4489 James River,(042)445-0256x7021,1948-02-09
Carrie Cook,68,Male,Sun Valley,1037 Clark Estates,001-403-804-3741,1957-04-06
Levi Short,38,Female,San Antonio,655 Alexis Loop,001-199-707-8393x13294,1986-08-19
John Richardson,59,Male,San Martin de Porres,50165 Diaz Island Suite 486,281.070.5605,1965-12-07
Joseph Garrett,94,Male,BF Homes,09600 Reilly Views Apt. 615,176.602.4456,1931-03-28
Kevin Dixon,80,Female,Merville,36975 Cook Turnpike Suite 460,(834)260-5338x8249,1945-05-07
Jessica Ross,42,Male,San Martin de Porres,187 Holmes Camp,140-363-4874x5126,1982-09-22
Sheryl Delacruz,25,Female,Marcelo Green,29309 Phillips Cliff,+1-213-455-7999x00725,2000-01-09
Samuel Campos,79,Female,San Antonio,30636 Griffin Pine Apt. 715,041-367-7767,1946-03-30
Kevin Steele,53,Female,Don Bosco,224 Mendoza Mountain,967-557-9120,1972-06-27
Felicia Santiago,13,Male,BF Homes,944 Anita Street,269.769.4136x67488,2012-01-19
Lindsey Aguilar,17,Male,BF Homes,786 Annette Common,183-590-9490x4447,2007-11-23
Anthony Taylor,26,Male,Sun Valley,5278 Brown Rapids Suite 472,+1-740-751-9391,1999-08-03
Robert Allen,25,Male,BF Homes,035 Mills Rapid,+1-108-587-7707x501,1999-10-20
Megan Lewis,74,Female,Sun Valley,6797 Mejia Valleys,(317)718-6266x7861,1951-01-10
Rebecca Cannon,68,Female,BF Homes,81303 Julie Lodge Apt. 498,(409)466-5497x70536,1956-11-30
Tyler Wright,47,Male,Don Bosco,541 Daniel Mountain Suite 208,+1-012-893-4828x0092,1978-06-22
David Cruz,2,Male,Sun Valley,5686 George Camp,923-315-2404,2023-07-19
Tanya Walsh,11,Female,BF Homes,427 Holmes Vista Apt. 277,001-933-335-6942x0184,2013-11-14
Jo Mccarty,47,Female,San Antonio,2950 Campbell Bridge,184.173.2652,1977-10-28
Zachary Wood,91,Male,Moonwalk,6120 Kathleen Plains Suite 672,(440)198-9289x14353,1933-12-16
Margaret Petersen,68,Male,Don Bosco,628 Drake Rue Apt. 781,001-384-751-3407x49185,1956-08-14
Shawn Dyer,39,Male,Merville,405 Mack Mall,001-512-069-0611x959,1986-01-30
Jeffrey Murphy,67,Male,Don Bosco,15846 Perez Track,+1-442-805-4009x231,1958-03-18
Tim Sosa,93,Male,San Martin de Porres,05390 John Groves Apt. 292,(205)555-6284x9756,1932-06-11
Thomas Payne,25,Male,Merville,93994 Charles Prairie,+1-518-885-7878x28095,2000-02-10
Sean Hicks,73,Male,San Martin de Porres,301 Cervantes Roads Suite 607,001-456-256-7032x71887,1951-12-23
Samantha Brown,96,Male,San Antonio,207 Mercado Shore,(046)907-4390,1929-04-09
David Patel,87,Female,San Martin de Porres,3920 Kenneth Underpass Suite 407,197.189.0112,1937-08-29
Nicole Freeman,14,Male,Marcelo Green,169 Reilly Meadows,666-471-0793,2010-12-19
Glenn Richardson,71,Female,San Antonio,313 Denise Club,001-618-321-5290x0741,1954-06-16
Sherri Dawson,85,Male,Sun Valley,08604 Angela Shore Apt. 167,(324)644-7106,1939-08-25
Amy Gibson,46,Female,San Antonio,7889 Charles Crossing,+1-100-729-0847,1979-04-05
Sandra Cortez,48,Female,San Martin de Porres,170 Saunders Groves,658.575.7903x367,1977-07-11
Madeline Christensen,93,Female,Merville,9109 Julia Orchard Suite 865,(308)045-3343,1931-08-16
Robert Thompson,73,Male,San Martin de Porres,00267 Morgan Mission Suite 396,163-825-1172x3035,1952-02-19
John Rosario,99,Female,San Antonio,30804 Amanda Spurs Suite 112,001-580-443-0657x72112,1926-01-26
Jared Garcia,58,Female,San Martin de Porres,766 Roberta Crossroad,526-737-1107,1967-05-31
James Jenkins,1,Male,Moonwalk,6414 Mercado Keys Suite 689,374-252-5776x89977,2024-06-17
Melanie Armstrong,77,Male,Marcelo Green,6032 Diane Streets,1409507151,1948-04-04
Jamie Contreras,39,Male,Moonwalk,30477 Matthew Ramp,(115)953-3841x62906,1985-10-17
Pamela Miller,29,Male,San Antonio,0309 Michael Corner Apt. 434,001-363-568-0877,1996-04-02
Nicole Morse,3,Female,Marcelo Green,2441 Ford Divide Apt. 874,096.474.2932,2022-01-05
Monica Mills,13,Male,Sun Valley,295 Robert Extension,+1-908-454-8262,2012-01-24
Daniel Garcia,46,Male,Marcelo Green,8128 Long Lodge,404.197.4476,1978-12-17
Sarah Anderson,34,Female,Merville,685 Robert Fall Apt. 751,135.284.5470x500,1990-12-22
Jessica Vega,30,Female,Moonwalk,6648 Holmes Crescent,831.276.0783,1994-10-22
Dustin Thompson,12,Female,Merville,5248 Paul Bridge,+1-353-417-6546x14119,2013-04-18
Matthew Carter,94,Male,San Antonio,91298 Shelia Island Suite 480,+1-127-712-7715x68539,1930-08-08
Anne Hayes,62,Male,Sun Valley,9408 Diane Burgs Apt. 290,(419)965-8402x9376,1962-11-12
Roberto Bowman,89,Male,Moonwalk,80238 Flores Fall Suite 008,5980188800,1936-05-04
Aaron Pennington,5,Female,Don Bosco,286 Soto Turnpike Apt. 030,108.169.2239x766,2019-10-10
Derrick Bailey,100,Male,San Antonio,807 Mary Springs,(729)294-2863,1924-12-13
Sarah Torres,45,Female,San Martin de Porres,638 Newman Grove,+1-559-109-2335x588,1979-12-20
Vincent Mcclain,16,Male,BF Homes,6389 Paige Common,+1-905-587-5302x96149,2009-03-28
Amy Clarke,82,Female,BF Homes,67952 Jacob Ranch Apt. 454,+1-118-917-2845,1943-06-07
Kimberly Webb,40,Male,San Antonio,09262 Reed Plains Apt. 720,8057019743,1985-05-30
Wendy Griffin,70,Male,San Antonio,925 Vang Square,001-568-084-6900x15812,1955-06-06
Scott Nelson,65,Male,Marcelo Green,9470 Derek Key,906-724-4609,1960-08-05
Vernon Norris,7,Female,Sun Valley,8774 Hughes Center,+1-835-728-9091x00634,2018-04-12
Mark Leonard,97,Male,Merville,2022 Alexis Tunnel,001-757-336-8287,1927-12-31
Jerry Luna,56,Female,San Martin de Porres,58685 Mcdowell Lake Apt. 664,782.648.7130x00255,1968-11-16
Derek Allison,19,Male,San Antonio,7985 Brenda Roads,+1-844-704-1450x5633,2006-02-10
Larry Rogers,11,Female,BF Homes,81961 Amanda Mill,(955)942-2981x332,2013-11-27
Michael Stevens,71,Female,Moonwalk,118 Michelle Station Suite 774,604.890.9859,1953-10-06
Zachary Walker,11,Female,San Martin de Porres,474 Tanya Inlet Suite 688,001-386-161-8776,2013-12-04
Emily Craig,100,Male,Marcelo Green,19652 Rebecca Mission Apt. 053,+1-126-055-7402x84595,1925-03-03
Terri Henderson,62,Male,Sun Valley,9126 Jeremy Park Apt. 731,359.412.3459x23258,1962-08-28
Catherine Bailey,51,Male,Merville,16274 Mason Tunnel Suite 928,(327)023-1740x28106,1973-08-08
Sarah Hughes,32,Male,Moonwalk,3346 Howard Summit Suite 335,(416)298-7025x2151,1992-11-19
Tina Perez,100,Female,San Antonio,72368 Williams Stream Suite 852,(023)547-2240x5530,1925-05-30
Billy Wilson,88,Male,Don Bosco,004 Douglas Rapids,(752)340-8705,1937-01-16
Stephanie Riddle,86,Female,San Martin de Porres,55563 Lawrence Circles,284.399.7486x98005,1939-05-12
Michael Clark,47,Female,Merville,079 Richard Loaf,9404475017,1978-06-16
Gary Shelton,42,Female,BF Homes,5899 Debbie Islands Suite 972,(324)204-3006,1982-11-07
Laura Dillon,99,Female,Marcelo Green,713 Blake Junctions Apt. 142,2861223286,1926-04-27
Valerie Martinez,45,Female,Marcelo Green,245 Taylor Green,001-922-430-2320x0013,1979-09-26
Todd Jackson,57,Male,Merville,3509 Bradley Station,532.956.1762,1968-03-22
Noah Stone,26,Female,Marcelo Green,764 Rachel Plain Suite 795,614.083.0709,1998-08-27
Steven Young,97,Male,Don Bosco,73156 Franco Estates,(173)629-2459x89777,1927-10-21
Natalie Vazquez,95,Male,Merville,214 Martin Estate,(228)338-1385,1929-10-14
Claudia Guzman,80,Male,Moonwalk,2709 Calhoun Viaduct,1441245229,1944-10-06
Jacob Ramos,2,Female,Don Bosco,939 Rebecca Square,+1-504-629-3374x1535,2023-03-09
Monica Hickman,40,Female,Sun Valley,87895 Jessica Valley,+1-053-094-5875x950,1985-02-20
Cathy Stokes,3,Female,Merville,32300 Smith Manor Apt. 869,846-747-5291x4835,2022-04-15
Jack Hawkins,95,Male,Merville,227 Julie Isle Apt. 541,055-624-1266,1930-01-27
Matthew Johnson,70,Female,Sun Valley,59647 John Manors Suite 245,001-320-654-3261x43403,1955-02-08
Chase Wilkinson,80,Male,BF Homes,10915 Ferguson Run Apt. 953,001-122-526-4974x7870,1945-01-22
Mark James,49,Male,Moonwalk,86307 Steve Common Apt. 101,(448)056-9421,1975-09-19
Karen Moran,22,Male,Moonwalk,44910 Scott Square,149.204.9930,2003-05-10
Donna Beasley,26,Female,BF Homes,10704 Charles Union,(503)158-8785x066,1998-08-12
Jill Patrick,60,Male,Don Bosco,1483 Pineda Isle,(095)142-7702x1538,1965-01-04
Vincent Martinez,50,Female,San Antonio,627 Jonathan Terrace,(934)106-1650x472,1974-12-08
Bryan Hale,14,Male,Moonwalk,71220 Thomas Street Apt. 845,001-240-886-0969x2533,2011-01-12
Michael Livingston,84,Female,Merville,91400 Fred Stravenue,+1-719-228-8741x594,1941-04-05
Henry Fields,49,Male,San Antonio,502 Simmons Rue Apt. 738,001-696-648-1105x129,1976-04-11
Melissa Mcdonald,63,Male,Marcelo Green,06777 Elizabeth Motorway Suite 810,082.408.9351x3315,1962-01-30
Amy White,26,Female,BF Homes,6162 Christopher Views,(951)266-0869,1999-01-18
Vanessa Rosales,6,Male,Moonwalk,403 Julia Falls,+1-767-360-8633x39950,2019-01-05
Jared Osborn,43,Female,San Martin de Porres,55080 Matthew Causeway Apt. 830,(925)098-0556x44199,1982-05-24
Austin Martinez,96,Male,BF Homes,1605 Holly Ranch,+1-990-761-9181x4983,1929-01-14
Dennis Smith Jr.,45,Female,San Antonio,7491 Katie Mews,550.043.7531x575,1980-04-13
Shannon Barry,81,Female,Merville,83860 Stacey Circle Apt. 674,+1-675-675-3515,1943-11-11
Michael Irwin,65,Female,BF Homes,92708 George Mount Apt. 037,+1-101-032-0823,1959-11-14
Robin Sullivan,81,Female,San Martin de Porres,757 Wilson Locks,(190)764-4490x4394,1944-05-22
Stephanie Ross,4,Female,Merville,2227 Anderson Cove,5402602846,2020-12-23
Lauren Orr,20,Female,San Martin de Porres,8864 Melissa Skyway Suite 453,+1-180-238-4876x144,2004-11-14
Mike Walker,85,Male,Don Bosco,60908 Gonzales Fork Suite 947,(318)342-9002x4927,1940-03-02
Gloria Bradford,94,Female,Merville,1512 Karla Meadow Suite 608,+1-601-066-5897x824,1930-09-26
Sarah Ward,54,Male,Marcelo Green,385 Park Canyon,+1-445-039-8638x3466,1971-03-29
Kelly Duarte,55,Female,San Antonio,860 Cassidy Lodge Suite 328,001-315-307-0791x904,1970-05-07
Kathleen Coleman,58,Male,Merville,50833 Pacheco Cliffs,(982)945-4183,1966-10-23
Kristin Rodriguez,84,Male,Merville,425 Stephen Inlet Apt. 820,950.078.6775,1940-12-14
Richard Lee,18,Female,Marcelo Green,6036 Clark Loaf Apt. 424,415.163.2956x6148,2007-07-15
Rebecca Moore,56,Male,Marcelo Green,364 Jones Pines Apt. 757,306.146.0174x1964,1968-08-16
Amy Bryan,41,Male,Don Bosco,6835 Calderon Mission,387.776.5402x34714,1983-12-18
Corey Nelson,24,Female,Marcelo Green,82656 White Fork,+1-675-627-5454x03498,2001-05-27
Ms. Lisa Ward,94,Male,San Antonio,3642 Gina Walks Suite 705,476-583-9018x769,1930-10-09
Amy Mathews,53,Female,Moonwalk,287 Melissa Knoll Apt. 443,2997385442,1972-06-13
Christopher Prince,57,Female,Marcelo Green,046 Park Road Apt. 876,427.247.7115,1968-01-26
Cheryl Casey,100,Male,Don Bosco,6162 Joy Forest,(713)873-1403x1916,1925-01-19
Raymond Martinez,17,Male,BF Homes,6988 Mendoza Lock,(182)247-9224,2008-02-14
William Hebert,98,Female,Merville,0716 Davis Grove Suite 792,785-235-2980x09341,1926-11-01
Cynthia Peterson,77,Male,Merville,7115 Holmes Ferry,(181)951-7190,1948-01-29
Jessica Kennedy,88,Male,San Antonio,931 Colton Vista Suite 453,+1-336-425-5035,1936-11-10
Thomas Burgess,11,Female,Marcelo Green,101 Matthew Hills,001-675-914-9995x977,2013-08-23
Michael Castillo,65,Female,San Antonio,8258 Jacob Cliff Suite 354,(636)798-8368x636,1960-04-08
Elizabeth Caldwell,24,Female,Sun Valley,810 Galvan Fields Apt. 673,001-206-042-9429,2001-03-31
Nicole Davis,61,Male,Marcelo Green,7435 Ryan Shore,820.993.8721x1203,1964-02-21
Kevin Wagner,25,Male,BF Homes,50595 Henry Meadow,680-680-3040,1999-08-09
Erin Bird,53,Male,Moonwalk,8013 Lori Harbor Apt. 360,(743)211-1549x599,1971-09-26
Olivia Wells,53,Male,Merville,690 Jimmy Highway,765-920-5948,1972-04-09
James Santana,97,Male,Don Bosco,68011 English View,+1-360-964-3945x34973,1927-09-24
Samuel Gutierrez,23,Female,Sun Valley,3530 Robinson Underpass,001-562-488-8804x97046,2001-11-22
Meredith Morris,89,Female,Sun Valley,693 Jennifer Bypass,741-193-5391x03891,1936-05-02
Randy Jimenez,32,Female,San Martin de Porres,521 Rhodes Vista,(804)394-2900x8892,1992-12-11
Rachel Poole,100,Male,San Martin de Porres,8398 James Burg Apt. 773,001-120-588-6948x53074,1925-02-25
Juan Lara,93,Female,San Martin de Porres,95140 Brown Cliffs Apt. 361,000.485.4123x4810,1932-07-11
Diane Nguyen,79,Male,Don Bosco,3962 Wilkinson Meadows Apt. 441,(987)010-9321,1945-12-14
David Crawford,58,Female,BF Homes,11483 John Squares Apt. 965,001-261-216-6948x10011,1966-10-09
Colleen Dominguez,32,Female,BF Homes,7965 Garrett Loaf,+1-732-383-6841x4344,1993-01-06
Casey Wagner,72,Female,BF Homes,9053 Matthew Ridges Suite 094,(816)836-2577,1952-10-15
Michael Henry,25,Female,Sun Valley,1059 Sabrina Keys Suite 981,(551)849-5529x643,2000-04-06
Chad Webb,51,Female,Moonwalk,424 Howe Skyway,(980)202-9172,1974-01-03
Brian Wong,60,Male,San Martin de Porres,04578 Vanessa Gardens Apt. 456,(530)302-4130,1964-08-12
Daniel Campbell,38,Male,Marcelo Green,2143 May Parkway Apt. 559,(277)026-0497,1987-01-09
Marie Salazar,60,Female,Don Bosco,256 Wong Inlet Apt. 135,7649967276,1964-10-19
Jason Johnson,93,Male,Marcelo Green,1194 Edwards Shoals,001-522-011-2704x22593,1931-11-06
Susan Clark,100,Male,San Martin de Porres,3316 Ryan Lodge,001-974-469-7071x1989,1924-12-13
Rebecca Wilson,53,Female,Sun Valley,723 Robin Park Apt. 558,(026)423-6245x8846,1972-05-20
Christine Jones,4,Male,Sun Valley,8750 Michael Square Suite 117,444.002.7489x42443,2021-01-25
Christine Price,76,Male,Sun Valley,4867 David Pine,618-277-3477,1948-11-26
Jessica Holmes,12,Female,San Antonio,2733 Danielle Village Apt. 567,413-545-5797x07907,2013-07-19
Anthony Parker,89,Male,Don Bosco,3001 Gonzalez Trail Suite 127,(592)129-8567,1936-05-01
Anthony Diaz,12,Male,Sun Valley,1774 Jordan Drives,+1-642-437-4282x2022,2012-08-26
Aaron Carter,82,Female,Don Bosco,72652 Stephanie Wells Apt. 487,(096)737-2500x93219,1942-12-18
Ryan Howell,68,Female,Marcelo Green,50650 English Loaf,+1-158-844-5236x4941,1956-09-16
Alyssa Johnson,49,Female,BF Homes,89676 Kenneth Turnpike,(232)151-7519x67929,1976-01-12
Joseph Gomez,99,Male,San Antonio,3422 Tyler Cape,310-772-2287x4995,1926-07-27
Cheryl Ross,73,Male,Marcelo Green,86017 Rollins Spurs Suite 873,801.113.0529x23835,1952-07-30
Brittany Owens,19,Male,BF Homes,44806 Crystal Greens Suite 896,+1-460-412-6165,2005-12-11
Beverly Richards,54,Female,Moonwalk,997 David Hills,+1-616-904-7610x29654,1970-11-29
Paul Todd,94,Female,Moonwalk,77029 Ellis Wells Apt. 503,623-724-6456x04851,1930-09-09
Amanda Sullivan,81,Male,Don Bosco,322 Washington Cliffs Apt. 178,125-927-2916x94222,1944-07-13
Brenda Bailey,17,Male,BF Homes,87576 Tracy Landing Suite 224,(883)660-7983x340,2008-02-22
Robert Lee,80,Female,BF Homes,1592 Perry Lodge,(808)079-5653x0002,1945-06-18
Zachary Smith,59,Female,Sun Valley,604 Russo River,(803)371-4213,1966-06-15
Jerry Thompson,70,Male,Sun Valley,226 Sawyer Islands,276-293-3698x324,1954-08-18
Carrie Rangel,31,Male,Sun Valley,598 Crystal Shores,(180)980-9880x40933,1994-01-07
Jessica Carney,59,Female,Sun Valley,2275 Taylor Overpass Apt. 272,(215)532-5016,1966-04-04
Chelsea Russo,11,Male,Merville,5116 Briggs Tunnel Apt. 608,(249)513-3966x0575,2014-06-30
Kenneth Foster,71,Female,Merville,1181 Rita Dale Apt. 723,001-919-184-6550x6369,1954-05-03
Katie Shea,7,Male,Marcelo Green,7655 Shelly Ranch,(697)602-2364x4995,2018-04-30
Dylan Cole,8,Female,BF Homes,434 Kenneth Cove,(263)177-7442x22124,2016-09-26
Ashley Moran,19,Male,Moonwalk,81903 Wallace Cove Suite 510,+1-295-838-5083x32710,2005-11-30
Noah Morris,43,Male,BF Homes,6343 Heather Club,+1-163-354-7154x338,1982-07-22
Eric Washington,14,Female,Marcelo Green,922 Raymond Plains Apt. 994,802-845-7186x91981,2011-01-19
Jackie Carter,21,Female,Marcelo Green,45365 James Path,(136)746-1616x05433,2004-01-29
Karen Barnett,59,Female,BF Homes,7127 Webb Mall,+1-531-217-8940x697,1965-09-30
Mrs. Victoria Dickerson,12,Female,San Antonio,86293 Christina Coves Suite 787,864-740-1925x53175,2012-12-11
Debbie Massey,48,Female,Don Bosco,43840 Carrie Mountain Apt. 675,576-909-4142x5095,1977-01-06
Michael Brown,98,Female,Don Bosco,528 James Fords Apt. 996,834.358.5991x9776,1926-11-11
Kayla Myers,38,Female,Marcelo Green,54376 Robert Fall,711.716.5359x55394,1987-08-01
Anthony Wade,16,Female,San Antonio,294 Young Unions Apt. 997,001-285-541-7939x431,2008-12-06
Michele Baker,68,Female,Merville,4409 Ford Loaf,(428)574-0405,1956-10-07
Melissa Fields,90,Male,BF Homes,35476 Peck Union Apt. 077,001-975-109-0651,1935-04-05
Allison Jackson,14,Male,Sun Valley,6150 Wilson Streets,708-292-2092,2011-06-22
Peter Clark,93,Female,San Martin de Porres,29501 Kevin Glens,+1-729-905-5523x78390,1931-11-13
Suzanne Cooper,78,Female,Moonwalk,6844 Makayla Fort Apt. 338,+1-465-190-3483,1947-06-10
Chad Davis,68,Female,Marcelo Green,60644 James Route,001-934-177-3343x0718,1957-05-13
Sandra Garcia,79,Female,Sun Valley,60639 Suzanne Cliff,678.110.8023x88369,1946-04-28
Aaron Lowe,64,Male,Merville,9535 Collins Shoals Apt. 193,(472)863-9962x402,1960-11-04
Deborah Dean,91,Female,Merville,17591 Flores Rest,9039572869,1933-11-08
Cynthia Sampson,1,Male,BF Homes,67333 Sean Island,480.249.6689,2024-03-17
Cynthia Grant,60,Male,Merville,520 Aaron Creek Suite 444,+1-479-207-4051,1965-06-13
Melissa Foley,79,Female,San Martin de Porres,32217 Murphy Ridge Apt. 254,001-983-910-3204x1037,1945-09-26
Andrea Archer,6,Female,San Antonio,95755 Eric Forest Suite 007,001-963-302-2517x66689,2019-04-01
Terrance Burns,72,Male,BF Homes,13345 Hoffman Route Suite 656,(192)959-0994,1953-07-12
Paul Jimenez,82,Male,Moonwalk,6378 Michael Mall,858-647-6695x5770,1942-12-09
Jason Diaz,33,Male,Moonwalk,7996 Lin Cliff,590-592-5687,1991-08-08
Christopher Baker,39,Female,BF Homes,508 Kristen Hills Suite 606,828.504.1627,1985-12-13
Robert Fowler,15,Female,San Antonio,922 Thompson Ferry,001-380-294-4627x63514,2010-02-21
Kevin Ruiz,51,Male,Marcelo Green,1295 Wood Valley,+1-938-533-5849,1974-03-31
Lindsey Mendez,25,Female,San Antonio,9535 Thomas Plaza,001-751-209-0181x749,2000-01-31
Arthur Miller,87,Female,Sun Valley,36098 Sarah Center Suite 045,+1-619-740-0597x583,1937-11-16
Wendy Howard,5,Male,Sun Valley,10420 Cervantes Wells Apt. 865,907-872-5505x415,2020-07-16
Anthony Harris,20,Female,San Antonio,7079 Sandoval Burgs Suite 169,135-128-4836x955,2005-03-23
Kimberly Moore,60,Female,BF Homes,069 Olivia Mall Apt. 569,+1-490-608-2761x00235,1965-06-19
Chad Livingston,67,Female,San Antonio,9691 Lynn Mountains Apt. 494,856.337.5984,1958-03-25
Dana Fernandez,72,Male,Merville,870 Ann Corners Apt. 133,952.331.4324x1707,1953-07-14
Annette Burns,74,Female,San Antonio,633 Malone Ridges Apt. 813,+1-220-822-0448x43519,1951-02-13
Sherri Hoffman,9,Male,Moonwalk,9571 Laurie Divide Suite 990,2842241701,2016-03-03
Martha Shah,4,Female,San Martin de Porres,137 Lowe Fords,030-579-2517x333,2021-07-30
Brian Ortiz,81,Male,San Martin de Porres,01529 Jensen Plaza,(462)116-7006x208,1943-09-29
Samantha Adams,24,Male,Moonwalk,664 Contreras Forest Suite 292,350-113-4496,2001-03-05
Veronica Macias,91,Female,BF Homes,92918 Hicks Prairie Suite 549,972-547-2047x442,1934-04-27
Russell Jenkins,35,Female,Don Bosco,046 Garcia Haven Suite 446,001-574-814-5252x888,1990-04-22
Elizabeth Stewart,64,Male,San Antonio,930 Allen Corner,842.139.1369x9754,1961-02-27
Daniel Washington,58,Female,Merville,715 Houston Estates,125-038-3412x472,1966-10-16
Sean Gibson,68,Female,Marcelo Green,74197 Robinson Neck,0632399887,1957-08-06
Darrell Watson,15,Female,BF Homes,85837 Kelly Plains,(632)189-4510,2010-03-11
Pamela Elliott,100,Male,Don Bosco,119 White Crest,834.206.4339x5534,1924-10-21
Justin Chavez,57,Male,Sun Valley,720 Williams Well,001-324-243-0091,1968-04-27
Pamela Walker,65,Male,Merville,32430 Hubbard Extension Suite 478,907.121.2579,1960-06-17
Leah Michael,44,Female,Moonwalk,24198 Thomas Estates,495-207-6991x528,1980-10-27
Timothy Cunningham,100,Female,Marcelo Green,951 Sullivan Walk Apt. 180,5440277601,1925-04-22
Courtney Price,99,Male,Marcelo Green,5100 Jason Wall Suite 857,397-384-7184x5816,1925-11-03
Tammy Rodriguez,27,Male,Sun Valley,236 Toni Mountains,(511)298-0310,1997-10-05
David Johnson,50,Male,BF Homes,7482 Moore Drives,001-254-654-7631,1975-01-21
Elizabeth Gomez,40,Male,Don Bosco,65354 Marissa Ford,246.676.2267x617,1984-12-03
Leah Ramirez,43,Female,BF Homes,2242 Michael Tunnel Suite 425,978-064-3719x6034,1982-07-03
Kayla Tucker,14,Female,BF Homes,16015 Singleton Freeway,001-952-115-4240,2010-09-12
Michael Green,74,Female,Merville,086 Amanda Passage Apt. 585,(836)454-8759x799,1951-06-02
